,related_path,name_class,numerical,width,height,channel
0,dataset\rose\0001.jpg,rose,0,480,300,3
1,dataset\rose\0002.jpg,rose,0,427,320,3
2,dataset\rose\0003.jpg,rose,0,480,320,3
3,dataset\rose\0004.jpg,rose,0,480,320,3
4,dataset\rose\0005.jpg,rose,0,240,320,3
5,dataset\rose\0006.jpg,rose,0,480,320,3
6,dataset\rose\0007.jpg,rose,0,480,320,3
7,dataset\rose\0008.jpg,rose,0,480,320,3
8,dataset\rose\0009.jpg,rose,0,362,320,3
9,dataset\rose\0010.jpg,rose,0,480,320,3
10,dataset\rose\0011.jpg,rose,0,480,320,3
11,dataset\rose\0012.jpg,rose,0,386,320,3
12,dataset\rose\0013.jpg,rose,0,480,320,3
13,dataset\rose\0014.jpg,rose,0,438,320,3
14,dataset\rose\0015.jpg,rose,0,480,319,3
15,dataset\rose\0016.jpg,rose,0,480,320,3
16,dataset\rose\0017.jpg,rose,0,480,282,3
17,dataset\rose\0018.jpg,rose,0,480,296,3
18,dataset\rose\0019.jpg,rose,0,480,320,3
19,dataset\rose\0020.jpg,rose,0,480,320,3
20,dataset\rose\0021.jpg,rose,0,480,320,3
21,dataset\rose\0022.jpg,rose,0,480,319,3
22,dataset\rose\0023.jpg,rose,0,480,320,3
23,dataset\rose\0024.jpg,rose,0,480,320,3
24,dataset\rose\0025.jpg,rose,0,480,300,3
25,dataset\rose\0026.jpg,rose,0,480,320,3
26,dataset\rose\0027.jpg,rose,0,480,300,3
27,dataset\rose\0028.jpg,rose,0,480,314,3
28,dataset\rose\0029.jpg,rose,0,480,300,3
29,dataset\rose\0030.jpg,rose,0,480,320,3
30,dataset\rose\0031.jpg,rose,0,400,200,3
31,dataset\rose\0032.jpg,rose,0,400,200,3
32,dataset\rose\0033.jpg,rose,0,400,200,3
33,dataset\rose\0034.jpg,rose,0,400,200,3
34,dataset\rose\0035.jpg,rose,0,400,200,3
35,dataset\rose\0036.jpg,rose,0,400,200,3
36,dataset\rose\0037.jpg,rose,0,400,200,3
37,dataset\rose\0038.jpg,rose,0,400,200,3
38,dataset\rose\0039.jpg,rose,0,400,200,3
39,dataset\rose\0040.jpg,rose,0,400,200,3
40,dataset\rose\0041.jpg,rose,0,400,200,3
41,dataset\rose\0042.jpg,rose,0,400,200,3
42,dataset\rose\0043.jpg,rose,0,1,1,3
43,dataset\rose\0044.jpg,rose,0,427,320,3
44,dataset\rose\0045.jpg,rose,0,427,320,3
45,dataset\rose\0046.jpg,rose,0,480,320,3
46,dataset\rose\0047.jpg,rose,0,480,320,3
47,dataset\rose\0048.jpg,rose,0,240,320,3
48,dataset\rose\0049.jpg,rose,0,480,320,3
49,dataset\rose\0050.jpg,rose,0,480,320,3
50,dataset\rose\0051.jpg,rose,0,480,320,3
51,dataset\rose\0052.jpg,rose,0,362,320,3
52,dataset\rose\0053.jpg,rose,0,480,320,3
53,dataset\rose\0054.jpg,rose,0,480,320,3
54,dataset\rose\0055.jpg,rose,0,386,320,3
55,dataset\rose\0056.jpg,rose,0,480,320,3
56,dataset\rose\0057.jpg,rose,0,438,320,3
57,dataset\rose\0058.jpg,rose,0,480,319,3
58,dataset\rose\0059.jpg,rose,0,480,320,3
59,dataset\rose\0060.jpg,rose,0,480,282,3
60,dataset\rose\0061.jpg,rose,0,480,296,3
61,dataset\rose\0062.jpg,rose,0,480,320,3
62,dataset\rose\0063.jpg,rose,0,480,320,3
63,dataset\rose\0064.jpg,rose,0,480,320,3
64,dataset\rose\0065.jpg,rose,0,480,319,3
65,dataset\rose\0066.jpg,rose,0,480,320,3
66,dataset\rose\0067.jpg,rose,0,480,320,3
67,dataset\rose\0068.jpg,rose,0,480,300,3
68,dataset\rose\0069.jpg,rose,0,480,320,3
69,dataset\rose\0070.jpg,rose,0,480,300,3
70,dataset\rose\0071.jpg,rose,0,480,314,3
71,dataset\rose\0072.jpg,rose,0,480,300,3
72,dataset\rose\0073.jpg,rose,0,480,320,3
73,dataset\rose\0074.jpg,rose,0,400,200,3
74,dataset\rose\0075.jpg,rose,0,400,200,3
75,dataset\rose\0076.jpg,rose,0,400,200,3
76,dataset\rose\0077.jpg,rose,0,400,200,3
77,dataset\rose\0078.jpg,rose,0,400,200,3
78,dataset\rose\0079.jpg,rose,0,400,200,3
79,dataset\rose\0080.jpg,rose,0,400,200,3
80,dataset\rose\0081.jpg,rose,0,400,200,3
81,dataset\rose\0082.jpg,rose,0,400,200,3
82,dataset\rose\0083.jpg,rose,0,400,200,3
83,dataset\rose\0084.jpg,rose,0,400,200,3
84,dataset\rose\0085.jpg,rose,0,400,200,3
85,dataset\rose\0086.jpg,rose,0,1,1,3
86,dataset\rose\0087.jpg,rose,0,427,320,3
87,dataset\rose\0088.jpg,rose,0,427,320,3
88,dataset\rose\0089.jpg,rose,0,480,320,3
89,dataset\rose\0090.jpg,rose,0,480,320,3
90,dataset\rose\0091.jpg,rose,0,240,320,3
91,dataset\rose\0092.jpg,rose,0,480,320,3
92,dataset\rose\0093.jpg,rose,0,480,320,3
93,dataset\rose\0094.jpg,rose,0,480,320,3
94,dataset\rose\0095.jpg,rose,0,362,320,3
95,dataset\rose\0096.jpg,rose,0,480,320,3
96,dataset\rose\0097.jpg,rose,0,480,320,3
97,dataset\rose\0098.jpg,rose,0,386,320,3
98,dataset\rose\0099.jpg,rose,0,480,320,3
99,dataset\rose\0100.jpg,rose,0,438,320,3
100,dataset\rose\0101.jpg,rose,0,480,319,3
101,dataset\rose\0102.jpg,rose,0,480,320,3
102,dataset\rose\0103.jpg,rose,0,480,282,3
103,dataset\rose\0104.jpg,rose,0,480,296,3
104,dataset\rose\0105.jpg,rose,0,480,320,3
105,dataset\rose\0106.jpg,rose,0,480,320,3
106,dataset\rose\0107.jpg,rose,0,480,320,3
107,dataset\rose\0108.jpg,rose,0,480,319,3
108,dataset\rose\0109.jpg,rose,0,480,320,3
109,dataset\rose\0110.jpg,rose,0,480,320,3
110,dataset\rose\0111.jpg,rose,0,480,300,3
111,dataset\rose\0112.jpg,rose,0,480,320,3
112,dataset\rose\0113.jpg,rose,0,480,300,3
113,dataset\rose\0114.jpg,rose,0,480,314,3
114,dataset\rose\0115.jpg,rose,0,480,300,3
115,dataset\rose\0116.jpg,rose,0,480,320,3
116,dataset\rose\0117.jpg,rose,0,400,200,3
117,dataset\rose\0118.jpg,rose,0,400,200,3
118,dataset\rose\0119.jpg,rose,0,400,200,3
119,dataset\rose\0120.jpg,rose,0,400,200,3
120,dataset\rose\0121.jpg,rose,0,400,200,3
121,dataset\rose\0122.jpg,rose,0,400,200,3
122,dataset\rose\0123.jpg,rose,0,400,200,3
123,dataset\rose\0124.jpg,rose,0,400,200,3
124,dataset\rose\0125.jpg,rose,0,400,200,3
125,dataset\rose\0126.jpg,rose,0,400,200,3
126,dataset\rose\0127.jpg,rose,0,400,200,3
127,dataset\rose\0128.jpg,rose,0,400,200,3
128,dataset\rose\0129.jpg,rose,0,1,1,3
129,dataset\rose\0130.jpg,rose,0,427,320,3
130,dataset\rose\0131.jpg,rose,0,427,320,3
131,dataset\rose\0132.jpg,rose,0,480,320,3
132,dataset\rose\0133.jpg,rose,0,480,320,3
133,dataset\rose\0134.jpg,rose,0,240,320,3
134,dataset\rose\0135.jpg,rose,0,480,320,3
135,dataset\rose\0136.jpg,rose,0,480,320,3
136,dataset\rose\0137.jpg,rose,0,480,320,3
137,dataset\rose\0138.jpg,rose,0,362,320,3
138,dataset\rose\0139.jpg,rose,0,480,320,3
139,dataset\rose\0140.jpg,rose,0,480,320,3
140,dataset\rose\0141.jpg,rose,0,386,320,3
141,dataset\rose\0142.jpg,rose,0,480,320,3
142,dataset\rose\0143.jpg,rose,0,438,320,3
143,dataset\rose\0144.jpg,rose,0,480,319,3
144,dataset\rose\0145.jpg,rose,0,480,320,3
145,dataset\rose\0146.jpg,rose,0,480,282,3
146,dataset\rose\0147.jpg,rose,0,480,296,3
147,dataset\rose\0148.jpg,rose,0,480,320,3
148,dataset\rose\0149.jpg,rose,0,480,320,3
149,dataset\rose\0150.jpg,rose,0,480,320,3
150,dataset\rose\0151.jpg,rose,0,480,319,3
151,dataset\rose\0152.jpg,rose,0,480,320,3
152,dataset\rose\0153.jpg,rose,0,480,320,3
153,dataset\rose\0154.jpg,rose,0,480,300,3
154,dataset\rose\0155.jpg,rose,0,480,320,3
155,dataset\rose\0156.jpg,rose,0,480,300,3
156,dataset\rose\0157.jpg,rose,0,480,314,3
157,dataset\rose\0158.jpg,rose,0,480,300,3
158,dataset\rose\0159.jpg,rose,0,480,320,3
159,dataset\rose\0160.jpg,rose,0,400,200,3
160,dataset\rose\0161.jpg,rose,0,400,200,3
161,dataset\rose\0162.jpg,rose,0,400,200,3
162,dataset\rose\0163.jpg,rose,0,400,200,3
163,dataset\rose\0164.jpg,rose,0,400,200,3
164,dataset\rose\0165.jpg,rose,0,400,200,3
165,dataset\rose\0166.jpg,rose,0,400,200,3
166,dataset\rose\0167.jpg,rose,0,400,200,3
167,dataset\rose\0168.jpg,rose,0,400,200,3
168,dataset\rose\0169.jpg,rose,0,400,200,3
169,dataset\rose\0170.jpg,rose,0,400,200,3
170,dataset\rose\0171.jpg,rose,0,400,200,3
171,dataset\rose\0172.jpg,rose,0,1,1,3
172,dataset\rose\0173.jpg,rose,0,427,320,3
173,dataset\rose\0174.jpg,rose,0,427,320,3
174,dataset\rose\0175.jpg,rose,0,480,320,3
175,dataset\rose\0176.jpg,rose,0,480,320,3
176,dataset\rose\0177.jpg,rose,0,240,320,3
177,dataset\rose\0178.jpg,rose,0,480,320,3
178,dataset\rose\0179.jpg,rose,0,480,320,3
179,dataset\rose\0180.jpg,rose,0,480,320,3
180,dataset\rose\0181.jpg,rose,0,362,320,3
181,dataset\rose\0182.jpg,rose,0,480,320,3
182,dataset\rose\0183.jpg,rose,0,480,320,3
183,dataset\rose\0184.jpg,rose,0,386,320,3
184,dataset\rose\0185.jpg,rose,0,480,320,3
185,dataset\rose\0186.jpg,rose,0,438,320,3
186,dataset\rose\0187.jpg,rose,0,480,319,3
187,dataset\rose\0188.jpg,rose,0,480,320,3
188,dataset\rose\0189.jpg,rose,0,480,282,3
189,dataset\rose\0190.jpg,rose,0,480,296,3
190,dataset\rose\0191.jpg,rose,0,480,320,3
191,dataset\rose\0192.jpg,rose,0,480,320,3
192,dataset\rose\0193.jpg,rose,0,480,320,3
193,dataset\rose\0194.jpg,rose,0,480,319,3
194,dataset\rose\0195.jpg,rose,0,480,320,3
195,dataset\rose\0196.jpg,rose,0,480,320,3
196,dataset\rose\0197.jpg,rose,0,480,300,3
197,dataset\rose\0198.jpg,rose,0,480,320,3
198,dataset\rose\0199.jpg,rose,0,480,300,3
199,dataset\rose\0200.jpg,rose,0,480,314,3
200,dataset\rose\0201.jpg,rose,0,480,300,3
201,dataset\rose\0202.jpg,rose,0,480,320,3
202,dataset\rose\0203.jpg,rose,0,400,200,3
203,dataset\rose\0204.jpg,rose,0,400,200,3
204,dataset\rose\0205.jpg,rose,0,400,200,3
205,dataset\rose\0206.jpg,rose,0,400,200,3
206,dataset\rose\0207.jpg,rose,0,400,200,3
207,dataset\rose\0208.jpg,rose,0,400,200,3
208,dataset\rose\0209.jpg,rose,0,400,200,3
209,dataset\rose\0210.jpg,rose,0,400,200,3
210,dataset\rose\0211.jpg,rose,0,400,200,3
211,dataset\rose\0212.jpg,rose,0,400,200,3
212,dataset\rose\0213.jpg,rose,0,400,200,3
213,dataset\rose\0214.jpg,rose,0,400,200,3
214,dataset\rose\0215.jpg,rose,0,1,1,3
215,dataset\rose\0216.jpg,rose,0,427,320,3
216,dataset\rose\0217.jpg,rose,0,427,320,3
217,dataset\rose\0218.jpg,rose,0,480,320,3
218,dataset\rose\0219.jpg,rose,0,480,320,3
219,dataset\rose\0220.jpg,rose,0,240,320,3
220,dataset\rose\0221.jpg,rose,0,480,320,3
221,dataset\rose\0222.jpg,rose,0,480,320,3
222,dataset\rose\0223.jpg,rose,0,480,320,3
223,dataset\rose\0224.jpg,rose,0,362,320,3
224,dataset\rose\0225.jpg,rose,0,480,320,3
225,dataset\rose\0226.jpg,rose,0,480,320,3
226,dataset\rose\0227.jpg,rose,0,386,320,3
227,dataset\rose\0228.jpg,rose,0,480,320,3
228,dataset\rose\0229.jpg,rose,0,438,320,3
229,dataset\rose\0230.jpg,rose,0,480,319,3
230,dataset\rose\0231.jpg,rose,0,480,320,3
231,dataset\rose\0232.jpg,rose,0,480,282,3
232,dataset\rose\0233.jpg,rose,0,480,296,3
233,dataset\rose\0234.jpg,rose,0,480,320,3
234,dataset\rose\0235.jpg,rose,0,480,320,3
235,dataset\rose\0236.jpg,rose,0,480,320,3
236,dataset\rose\0237.jpg,rose,0,480,319,3
237,dataset\rose\0238.jpg,rose,0,480,320,3
238,dataset\rose\0239.jpg,rose,0,480,320,3
239,dataset\rose\0240.jpg,rose,0,480,300,3
240,dataset\rose\0241.jpg,rose,0,480,320,3
241,dataset\rose\0242.jpg,rose,0,480,300,3
242,dataset\rose\0243.jpg,rose,0,480,314,3
243,dataset\rose\0244.jpg,rose,0,480,300,3
244,dataset\rose\0245.jpg,rose,0,480,320,3
245,dataset\rose\0246.jpg,rose,0,400,200,3
246,dataset\rose\0247.jpg,rose,0,400,200,3
247,dataset\rose\0248.jpg,rose,0,400,200,3
248,dataset\rose\0249.jpg,rose,0,400,200,3
249,dataset\rose\0250.jpg,rose,0,400,200,3
250,dataset\rose\0251.jpg,rose,0,400,200,3
251,dataset\rose\0252.jpg,rose,0,400,200,3
252,dataset\rose\0253.jpg,rose,0,400,200,3
253,dataset\rose\0254.jpg,rose,0,400,200,3
254,dataset\rose\0255.jpg,rose,0,400,200,3
255,dataset\rose\0256.jpg,rose,0,400,200,3
256,dataset\rose\0257.jpg,rose,0,400,200,3
257,dataset\rose\0258.jpg,rose,0,1,1,3
258,dataset\rose\0259.jpg,rose,0,427,320,3
259,dataset\rose\0260.jpg,rose,0,427,320,3
260,dataset\rose\0261.jpg,rose,0,480,320,3
261,dataset\rose\0262.jpg,rose,0,480,320,3
262,dataset\rose\0263.jpg,rose,0,240,320,3
263,dataset\rose\0264.jpg,rose,0,480,320,3
264,dataset\rose\0265.jpg,rose,0,480,320,3
265,dataset\rose\0266.jpg,rose,0,480,320,3
266,dataset\rose\0267.jpg,rose,0,362,320,3
267,dataset\rose\0268.jpg,rose,0,480,320,3
268,dataset\rose\0269.jpg,rose,0,480,320,3
269,dataset\rose\0270.jpg,rose,0,386,320,3
270,dataset\rose\0271.jpg,rose,0,480,320,3
271,dataset\rose\0272.jpg,rose,0,438,320,3
272,dataset\rose\0273.jpg,rose,0,480,319,3
273,dataset\rose\0274.jpg,rose,0,480,320,3
274,dataset\rose\0275.jpg,rose,0,480,282,3
275,dataset\rose\0276.jpg,rose,0,480,296,3
276,dataset\rose\0277.jpg,rose,0,480,320,3
277,dataset\rose\0278.jpg,rose,0,480,320,3
278,dataset\rose\0279.jpg,rose,0,480,320,3
279,dataset\rose\0280.jpg,rose,0,480,319,3
280,dataset\rose\0281.jpg,rose,0,480,320,3
281,dataset\rose\0282.jpg,rose,0,480,320,3
282,dataset\rose\0283.jpg,rose,0,480,300,3
283,dataset\rose\0284.jpg,rose,0,480,320,3
284,dataset\rose\0285.jpg,rose,0,480,300,3
285,dataset\rose\0286.jpg,rose,0,480,314,3
286,dataset\rose\0287.jpg,rose,0,480,300,3
287,dataset\rose\0288.jpg,rose,0,480,320,3
288,dataset\rose\0289.jpg,rose,0,400,200,3
289,dataset\rose\0290.jpg,rose,0,400,200,3
290,dataset\rose\0291.jpg,rose,0,400,200,3
291,dataset\rose\0292.jpg,rose,0,400,200,3
292,dataset\rose\0293.jpg,rose,0,400,200,3
293,dataset\rose\0294.jpg,rose,0,400,200,3
294,dataset\rose\0295.jpg,rose,0,400,200,3
295,dataset\rose\0296.jpg,rose,0,400,200,3
296,dataset\rose\0297.jpg,rose,0,400,200,3
297,dataset\rose\0298.jpg,rose,0,400,200,3
298,dataset\rose\0299.jpg,rose,0,400,200,3
299,dataset\rose\0300.jpg,rose,0,400,200,3
300,dataset\rose\0301.jpg,rose,0,1,1,3
301,dataset\rose\0302.jpg,rose,0,427,320,3
302,dataset\rose\0303.jpg,rose,0,427,320,3
303,dataset\rose\0304.jpg,rose,0,480,320,3
304,dataset\rose\0305.jpg,rose,0,480,320,3
305,dataset\rose\0306.jpg,rose,0,240,320,3
306,dataset\rose\0307.jpg,rose,0,480,320,3
307,dataset\rose\0308.jpg,rose,0,480,320,3
308,dataset\rose\0309.jpg,rose,0,480,320,3
309,dataset\rose\0310.jpg,rose,0,362,320,3
310,dataset\rose\0311.jpg,rose,0,480,320,3
311,dataset\rose\0312.jpg,rose,0,480,320,3
312,dataset\rose\0313.jpg,rose,0,386,320,3
313,dataset\rose\0314.jpg,rose,0,480,320,3
314,dataset\rose\0315.jpg,rose,0,438,320,3
315,dataset\rose\0316.jpg,rose,0,480,319,3
316,dataset\rose\0317.jpg,rose,0,480,320,3
317,dataset\rose\0318.jpg,rose,0,480,282,3
318,dataset\rose\0319.jpg,rose,0,480,296,3
319,dataset\rose\0320.jpg,rose,0,480,320,3
320,dataset\rose\0321.jpg,rose,0,480,320,3
321,dataset\rose\0322.jpg,rose,0,480,320,3
322,dataset\rose\0323.jpg,rose,0,480,319,3
323,dataset\rose\0324.jpg,rose,0,480,320,3
324,dataset\rose\0325.jpg,rose,0,480,320,3
325,dataset\rose\0326.jpg,rose,0,480,300,3
326,dataset\rose\0327.jpg,rose,0,480,320,3
327,dataset\rose\0328.jpg,rose,0,480,300,3
328,dataset\rose\0329.jpg,rose,0,480,314,3
329,dataset\rose\0330.jpg,rose,0,480,300,3
330,dataset\rose\0331.jpg,rose,0,480,320,3
331,dataset\rose\0332.jpg,rose,0,400,200,3
332,dataset\rose\0333.jpg,rose,0,400,200,3
333,dataset\rose\0334.jpg,rose,0,400,200,3
334,dataset\rose\0335.jpg,rose,0,400,200,3
335,dataset\rose\0336.jpg,rose,0,400,200,3
336,dataset\rose\0337.jpg,rose,0,400,200,3
337,dataset\rose\0338.jpg,rose,0,400,200,3
338,dataset\rose\0339.jpg,rose,0,400,200,3
339,dataset\rose\0340.jpg,rose,0,400,200,3
340,dataset\rose\0341.jpg,rose,0,400,200,3
341,dataset\rose\0342.jpg,rose,0,400,200,3
342,dataset\rose\0343.jpg,rose,0,400,200,3
343,dataset\rose\0344.jpg,rose,0,1,1,3
344,dataset\rose\0345.jpg,rose,0,427,320,3
345,dataset\rose\0346.jpg,rose,0,427,320,3
346,dataset\rose\0347.jpg,rose,0,480,320,3
347,dataset\rose\0348.jpg,rose,0,480,320,3
348,dataset\rose\0349.jpg,rose,0,240,320,3
349,dataset\rose\0350.jpg,rose,0,480,320,3
350,dataset\rose\0351.jpg,rose,0,480,320,3
351,dataset\rose\0352.jpg,rose,0,480,320,3
352,dataset\rose\0353.jpg,rose,0,362,320,3
353,dataset\rose\0354.jpg,rose,0,480,320,3
354,dataset\rose\0355.jpg,rose,0,480,320,3
355,dataset\rose\0356.jpg,rose,0,386,320,3
356,dataset\rose\0357.jpg,rose,0,480,320,3
357,dataset\rose\0358.jpg,rose,0,438,320,3
358,dataset\rose\0359.jpg,rose,0,480,319,3
359,dataset\rose\0360.jpg,rose,0,480,320,3
360,dataset\rose\0361.jpg,rose,0,480,282,3
361,dataset\rose\0362.jpg,rose,0,480,296,3
362,dataset\rose\0363.jpg,rose,0,480,320,3
363,dataset\rose\0364.jpg,rose,0,480,320,3
364,dataset\rose\0365.jpg,rose,0,480,320,3
365,dataset\rose\0366.jpg,rose,0,480,319,3
366,dataset\rose\0367.jpg,rose,0,480,320,3
367,dataset\rose\0368.jpg,rose,0,480,320,3
368,dataset\rose\0369.jpg,rose,0,480,300,3
369,dataset\rose\0370.jpg,rose,0,480,320,3
370,dataset\rose\0371.jpg,rose,0,480,300,3
371,dataset\rose\0372.jpg,rose,0,480,314,3
372,dataset\rose\0373.jpg,rose,0,480,300,3
373,dataset\rose\0374.jpg,rose,0,480,320,3
374,dataset\rose\0375.jpg,rose,0,400,200,3
375,dataset\rose\0376.jpg,rose,0,400,200,3
376,dataset\rose\0377.jpg,rose,0,400,200,3
377,dataset\rose\0378.jpg,rose,0,400,200,3
378,dataset\rose\0379.jpg,rose,0,400,200,3
379,dataset\rose\0380.jpg,rose,0,400,200,3
380,dataset\rose\0381.jpg,rose,0,400,200,3
381,dataset\rose\0382.jpg,rose,0,400,200,3
382,dataset\rose\0383.jpg,rose,0,400,200,3
383,dataset\rose\0384.jpg,rose,0,400,200,3
384,dataset\rose\0385.jpg,rose,0,400,200,3
385,dataset\rose\0386.jpg,rose,0,400,200,3
386,dataset\rose\0387.jpg,rose,0,1,1,3
387,dataset\rose\0388.jpg,rose,0,427,320,3
388,dataset\rose\0389.jpg,rose,0,427,320,3
389,dataset\rose\0390.jpg,rose,0,480,320,3
390,dataset\rose\0391.jpg,rose,0,480,320,3
391,dataset\rose\0392.jpg,rose,0,240,320,3
392,dataset\rose\0393.jpg,rose,0,480,320,3
393,dataset\rose\0394.jpg,rose,0,480,320,3
394,dataset\rose\0395.jpg,rose,0,480,320,3
395,dataset\rose\0396.jpg,rose,0,362,320,3
396,dataset\rose\0397.jpg,rose,0,480,320,3
397,dataset\rose\0398.jpg,rose,0,480,320,3
398,dataset\rose\0399.jpg,rose,0,386,320,3
399,dataset\rose\0400.jpg,rose,0,480,320,3
400,dataset\rose\0401.jpg,rose,0,438,320,3
401,dataset\rose\0402.jpg,rose,0,480,319,3
402,dataset\rose\0403.jpg,rose,0,480,320,3
403,dataset\rose\0404.jpg,rose,0,480,282,3
404,dataset\rose\0405.jpg,rose,0,480,296,3
405,dataset\rose\0406.jpg,rose,0,480,320,3
406,dataset\rose\0407.jpg,rose,0,480,320,3
407,dataset\rose\0408.jpg,rose,0,480,320,3
408,dataset\rose\0409.jpg,rose,0,480,319,3
409,dataset\rose\0410.jpg,rose,0,480,320,3
410,dataset\rose\0411.jpg,rose,0,480,320,3
411,dataset\rose\0412.jpg,rose,0,480,300,3
412,dataset\rose\0413.jpg,rose,0,480,320,3
413,dataset\rose\0414.jpg,rose,0,480,300,3
414,dataset\rose\0415.jpg,rose,0,480,314,3
415,dataset\rose\0416.jpg,rose,0,480,300,3
416,dataset\rose\0417.jpg,rose,0,480,320,3
417,dataset\rose\0418.jpg,rose,0,400,200,3
418,dataset\rose\0419.jpg,rose,0,400,200,3
419,dataset\rose\0420.jpg,rose,0,400,200,3
420,dataset\rose\0421.jpg,rose,0,400,200,3
421,dataset\rose\0422.jpg,rose,0,400,200,3
422,dataset\rose\0423.jpg,rose,0,400,200,3
423,dataset\rose\0424.jpg,rose,0,400,200,3
424,dataset\rose\0425.jpg,rose,0,400,200,3
425,dataset\rose\0426.jpg,rose,0,400,200,3
426,dataset\rose\0427.jpg,rose,0,400,200,3
427,dataset\rose\0428.jpg,rose,0,400,200,3
428,dataset\rose\0429.jpg,rose,0,400,200,3
429,dataset\rose\0430.jpg,rose,0,1,1,3
430,dataset\rose\0431.jpg,rose,0,427,320,3
431,dataset\rose\0432.jpg,rose,0,427,320,3
432,dataset\rose\0433.jpg,rose,0,480,320,3
433,dataset\rose\0434.jpg,rose,0,480,320,3
434,dataset\rose\0435.jpg,rose,0,240,320,3
435,dataset\rose\0436.jpg,rose,0,480,320,3
436,dataset\rose\0437.jpg,rose,0,480,320,3
437,dataset\rose\0438.jpg,rose,0,480,320,3
438,dataset\rose\0439.jpg,rose,0,362,320,3
439,dataset\rose\0440.jpg,rose,0,480,320,3
440,dataset\rose\0441.jpg,rose,0,480,320,3
441,dataset\rose\0442.jpg,rose,0,386,320,3
442,dataset\rose\0443.jpg,rose,0,480,320,3
443,dataset\rose\0444.jpg,rose,0,438,320,3
444,dataset\rose\0445.jpg,rose,0,480,319,3
445,dataset\rose\0446.jpg,rose,0,480,320,3
446,dataset\rose\0447.jpg,rose,0,480,282,3
447,dataset\rose\0448.jpg,rose,0,480,296,3
448,dataset\rose\0449.jpg,rose,0,480,320,3
449,dataset\rose\0450.jpg,rose,0,480,320,3
450,dataset\rose\0451.jpg,rose,0,480,320,3
451,dataset\rose\0452.jpg,rose,0,480,319,3
452,dataset\rose\0453.jpg,rose,0,480,320,3
453,dataset\rose\0454.jpg,rose,0,480,320,3
454,dataset\rose\0455.jpg,rose,0,480,300,3
455,dataset\rose\0456.jpg,rose,0,480,320,3
456,dataset\rose\0457.jpg,rose,0,480,300,3
457,dataset\rose\0458.jpg,rose,0,480,314,3
458,dataset\rose\0459.jpg,rose,0,480,300,3
459,dataset\rose\0460.jpg,rose,0,480,320,3
460,dataset\rose\0461.jpg,rose,0,400,200,3
461,dataset\rose\0462.jpg,rose,0,400,200,3
462,dataset\rose\0463.jpg,rose,0,400,200,3
463,dataset\rose\0464.jpg,rose,0,400,200,3
464,dataset\rose\0465.jpg,rose,0,400,200,3
465,dataset\rose\0466.jpg,rose,0,400,200,3
466,dataset\rose\0467.jpg,rose,0,400,200,3
467,dataset\rose\0468.jpg,rose,0,400,200,3
468,dataset\rose\0469.jpg,rose,0,400,200,3
469,dataset\rose\0470.jpg,rose,0,400,200,3
470,dataset\rose\0471.jpg,rose,0,400,200,3
471,dataset\rose\0472.jpg,rose,0,400,200,3
472,dataset\rose\0473.jpg,rose,0,1,1,3
473,dataset\rose\0474.jpg,rose,0,427,320,3
474,dataset\rose\0475.jpg,rose,0,427,320,3
475,dataset\rose\0476.jpg,rose,0,480,320,3
476,dataset\rose\0477.jpg,rose,0,480,320,3
477,dataset\rose\0478.jpg,rose,0,240,320,3
478,dataset\rose\0479.jpg,rose,0,480,320,3
479,dataset\rose\0480.jpg,rose,0,480,320,3
480,dataset\rose\0481.jpg,rose,0,480,320,3
481,dataset\rose\0482.jpg,rose,0,362,320,3
482,dataset\rose\0483.jpg,rose,0,480,320,3
483,dataset\rose\0484.jpg,rose,0,480,320,3
484,dataset\rose\0485.jpg,rose,0,386,320,3
485,dataset\rose\0486.jpg,rose,0,480,320,3
486,dataset\rose\0487.jpg,rose,0,438,320,3
487,dataset\rose\0488.jpg,rose,0,480,319,3
488,dataset\rose\0489.jpg,rose,0,480,320,3
489,dataset\rose\0490.jpg,rose,0,480,282,3
490,dataset\rose\0491.jpg,rose,0,480,296,3
491,dataset\rose\0492.jpg,rose,0,480,320,3
492,dataset\rose\0493.jpg,rose,0,480,320,3
493,dataset\rose\0494.jpg,rose,0,480,320,3
494,dataset\rose\0495.jpg,rose,0,480,319,3
495,dataset\rose\0496.jpg,rose,0,480,320,3
496,dataset\rose\0497.jpg,rose,0,480,320,3
497,dataset\rose\0498.jpg,rose,0,480,300,3
498,dataset\rose\0499.jpg,rose,0,480,320,3
499,dataset\rose\0500.jpg,rose,0,480,300,3
500,dataset\rose\0501.jpg,rose,0,480,314,3
501,dataset\rose\0502.jpg,rose,0,480,300,3
502,dataset\rose\0503.jpg,rose,0,480,320,3
503,dataset\rose\0504.jpg,rose,0,400,200,3
504,dataset\rose\0505.jpg,rose,0,400,200,3
505,dataset\rose\0506.jpg,rose,0,400,200,3
506,dataset\rose\0507.jpg,rose,0,400,200,3
507,dataset\rose\0508.jpg,rose,0,400,200,3
508,dataset\rose\0509.jpg,rose,0,400,200,3
509,dataset\rose\0510.jpg,rose,0,400,200,3
510,dataset\rose\0511.jpg,rose,0,400,200,3
511,dataset\rose\0512.jpg,rose,0,400,200,3
512,dataset\rose\0513.jpg,rose,0,400,200,3
513,dataset\rose\0514.jpg,rose,0,400,200,3
514,dataset\rose\0515.jpg,rose,0,400,200,3
515,dataset\rose\0516.jpg,rose,0,1,1,3
516,dataset\rose\0517.jpg,rose,0,427,320,3
517,dataset\rose\0518.jpg,rose,0,427,320,3
518,dataset\rose\0519.jpg,rose,0,480,320,3
519,dataset\rose\0520.jpg,rose,0,480,320,3
520,dataset\rose\0521.jpg,rose,0,240,320,3
521,dataset\rose\0522.jpg,rose,0,480,320,3
522,dataset\rose\0523.jpg,rose,0,480,320,3
523,dataset\rose\0524.jpg,rose,0,480,320,3
524,dataset\rose\0525.jpg,rose,0,362,320,3
525,dataset\rose\0526.jpg,rose,0,480,320,3
526,dataset\rose\0527.jpg,rose,0,480,320,3
527,dataset\rose\0528.jpg,rose,0,386,320,3
528,dataset\rose\0529.jpg,rose,0,480,320,3
529,dataset\rose\0530.jpg,rose,0,438,320,3
530,dataset\rose\0531.jpg,rose,0,480,319,3
531,dataset\rose\0532.jpg,rose,0,480,320,3
532,dataset\rose\0533.jpg,rose,0,480,282,3
533,dataset\rose\0534.jpg,rose,0,480,296,3
534,dataset\rose\0535.jpg,rose,0,480,320,3
535,dataset\rose\0536.jpg,rose,0,480,320,3
536,dataset\rose\0537.jpg,rose,0,480,320,3
537,dataset\rose\0538.jpg,rose,0,480,319,3
538,dataset\rose\0539.jpg,rose,0,480,320,3
539,dataset\rose\0540.jpg,rose,0,480,320,3
540,dataset\rose\0541.jpg,rose,0,480,300,3
541,dataset\rose\0542.jpg,rose,0,480,320,3
542,dataset\rose\0543.jpg,rose,0,480,300,3
543,dataset\rose\0544.jpg,rose,0,480,314,3
544,dataset\rose\0545.jpg,rose,0,480,300,3
545,dataset\rose\0546.jpg,rose,0,480,320,3
546,dataset\rose\0547.jpg,rose,0,400,200,3
547,dataset\rose\0548.jpg,rose,0,400,200,3
548,dataset\rose\0549.jpg,rose,0,400,200,3
549,dataset\rose\0550.jpg,rose,0,400,200,3
550,dataset\rose\0551.jpg,rose,0,400,200,3
551,dataset\rose\0552.jpg,rose,0,400,200,3
552,dataset\rose\0553.jpg,rose,0,400,200,3
553,dataset\rose\0554.jpg,rose,0,400,200,3
554,dataset\rose\0555.jpg,rose,0,400,200,3
555,dataset\rose\0556.jpg,rose,0,400,200,3
556,dataset\rose\0557.jpg,rose,0,400,200,3
557,dataset\rose\0558.jpg,rose,0,400,200,3
558,dataset\rose\0559.jpg,rose,0,1,1,3
559,dataset\rose\0560.jpg,rose,0,427,320,3
560,dataset\rose\0561.jpg,rose,0,427,320,3
561,dataset\rose\0562.jpg,rose,0,480,320,3
562,dataset\rose\0563.jpg,rose,0,480,320,3
563,dataset\rose\0564.jpg,rose,0,240,320,3
564,dataset\rose\0565.jpg,rose,0,480,320,3
565,dataset\rose\0566.jpg,rose,0,480,320,3
566,dataset\rose\0567.jpg,rose,0,480,320,3
567,dataset\rose\0568.jpg,rose,0,362,320,3
568,dataset\rose\0569.jpg,rose,0,480,320,3
569,dataset\rose\0570.jpg,rose,0,480,320,3
570,dataset\rose\0571.jpg,rose,0,386,320,3
571,dataset\rose\0572.jpg,rose,0,480,320,3
572,dataset\rose\0573.jpg,rose,0,438,320,3
573,dataset\rose\0574.jpg,rose,0,480,319,3
574,dataset\rose\0575.jpg,rose,0,480,320,3
575,dataset\rose\0576.jpg,rose,0,480,282,3
576,dataset\rose\0577.jpg,rose,0,480,296,3
577,dataset\rose\0578.jpg,rose,0,480,320,3
578,dataset\rose\0579.jpg,rose,0,480,320,3
579,dataset\rose\0580.jpg,rose,0,480,320,3
580,dataset\rose\0581.jpg,rose,0,480,319,3
581,dataset\rose\0582.jpg,rose,0,480,320,3
582,dataset\rose\0583.jpg,rose,0,480,320,3
583,dataset\rose\0584.jpg,rose,0,480,300,3
584,dataset\rose\0585.jpg,rose,0,480,320,3
585,dataset\rose\0586.jpg,rose,0,480,300,3
586,dataset\rose\0587.jpg,rose,0,480,314,3
587,dataset\rose\0588.jpg,rose,0,480,300,3
588,dataset\rose\0589.jpg,rose,0,480,320,3
589,dataset\rose\0590.jpg,rose,0,400,200,3
590,dataset\rose\0591.jpg,rose,0,400,200,3
591,dataset\rose\0592.jpg,rose,0,400,200,3
592,dataset\rose\0593.jpg,rose,0,400,200,3
593,dataset\rose\0594.jpg,rose,0,400,200,3
594,dataset\rose\0595.jpg,rose,0,400,200,3
595,dataset\rose\0596.jpg,rose,0,400,200,3
596,dataset\rose\0597.jpg,rose,0,400,200,3
597,dataset\rose\0598.jpg,rose,0,400,200,3
598,dataset\rose\0599.jpg,rose,0,400,200,3
599,dataset\rose\0600.jpg,rose,0,400,200,3
600,dataset\rose\0601.jpg,rose,0,400,200,3
601,dataset\rose\0602.jpg,rose,0,1,1,3
602,dataset\rose\0603.jpg,rose,0,427,320,3
603,dataset\rose\0604.jpg,rose,0,427,320,3
604,dataset\rose\0605.jpg,rose,0,480,320,3
605,dataset\rose\0606.jpg,rose,0,480,320,3
606,dataset\rose\0607.jpg,rose,0,240,320,3
607,dataset\rose\0608.jpg,rose,0,480,320,3
608,dataset\rose\0609.jpg,rose,0,480,320,3
609,dataset\rose\0610.jpg,rose,0,480,320,3
610,dataset\rose\0611.jpg,rose,0,362,320,3
611,dataset\rose\0612.jpg,rose,0,480,320,3
612,dataset\rose\0613.jpg,rose,0,480,320,3
613,dataset\rose\0614.jpg,rose,0,386,320,3
614,dataset\rose\0615.jpg,rose,0,480,320,3
615,dataset\rose\0616.jpg,rose,0,438,320,3
616,dataset\rose\0617.jpg,rose,0,480,319,3
617,dataset\rose\0618.jpg,rose,0,480,320,3
618,dataset\rose\0619.jpg,rose,0,480,282,3
619,dataset\rose\0620.jpg,rose,0,480,296,3
620,dataset\rose\0621.jpg,rose,0,480,320,3
621,dataset\rose\0622.jpg,rose,0,480,320,3
622,dataset\rose\0623.jpg,rose,0,480,320,3
623,dataset\rose\0624.jpg,rose,0,480,319,3
624,dataset\rose\0625.jpg,rose,0,480,320,3
625,dataset\rose\0626.jpg,rose,0,480,320,3
626,dataset\rose\0627.jpg,rose,0,480,300,3
627,dataset\rose\0628.jpg,rose,0,480,320,3
628,dataset\rose\0629.jpg,rose,0,480,300,3
629,dataset\rose\0630.jpg,rose,0,480,314,3
630,dataset\rose\0631.jpg,rose,0,480,300,3
631,dataset\rose\0632.jpg,rose,0,480,320,3
632,dataset\rose\0633.jpg,rose,0,400,200,3
633,dataset\rose\0634.jpg,rose,0,400,200,3
634,dataset\rose\0635.jpg,rose,0,400,200,3
635,dataset\rose\0636.jpg,rose,0,400,200,3
636,dataset\rose\0637.jpg,rose,0,400,200,3
637,dataset\rose\0638.jpg,rose,0,400,200,3
638,dataset\rose\0639.jpg,rose,0,400,200,3
639,dataset\rose\0640.jpg,rose,0,400,200,3
640,dataset\rose\0641.jpg,rose,0,400,200,3
641,dataset\rose\0642.jpg,rose,0,400,200,3
642,dataset\rose\0643.jpg,rose,0,400,200,3
643,dataset\rose\0644.jpg,rose,0,400,200,3
644,dataset\rose\0645.jpg,rose,0,1,1,3
645,dataset\rose\0646.jpg,rose,0,427,320,3
646,dataset\rose\0647.jpg,rose,0,427,320,3
647,dataset\rose\0648.jpg,rose,0,480,320,3
648,dataset\rose\0649.jpg,rose,0,480,320,3
649,dataset\rose\0650.jpg,rose,0,240,320,3
650,dataset\rose\0651.jpg,rose,0,480,320,3
651,dataset\rose\0652.jpg,rose,0,480,320,3
652,dataset\rose\0653.jpg,rose,0,480,320,3
653,dataset\rose\0654.jpg,rose,0,362,320,3
654,dataset\rose\0655.jpg,rose,0,480,320,3
655,dataset\rose\0656.jpg,rose,0,480,320,3
656,dataset\rose\0657.jpg,rose,0,386,320,3
657,dataset\rose\0658.jpg,rose,0,480,320,3
658,dataset\rose\0659.jpg,rose,0,438,320,3
659,dataset\rose\0660.jpg,rose,0,480,319,3
660,dataset\rose\0661.jpg,rose,0,480,320,3
661,dataset\rose\0662.jpg,rose,0,480,282,3
662,dataset\rose\0663.jpg,rose,0,480,296,3
663,dataset\rose\0664.jpg,rose,0,480,320,3
664,dataset\rose\0665.jpg,rose,0,480,320,3
665,dataset\rose\0666.jpg,rose,0,480,320,3
666,dataset\rose\0667.jpg,rose,0,480,319,3
667,dataset\rose\0668.jpg,rose,0,480,320,3
668,dataset\rose\0669.jpg,rose,0,480,320,3
669,dataset\rose\0670.jpg,rose,0,480,300,3
670,dataset\rose\0671.jpg,rose,0,480,320,3
671,dataset\rose\0672.jpg,rose,0,480,300,3
672,dataset\rose\0673.jpg,rose,0,480,314,3
673,dataset\rose\0674.jpg,rose,0,480,300,3
674,dataset\rose\0675.jpg,rose,0,480,320,3
675,dataset\rose\0676.jpg,rose,0,400,200,3
676,dataset\rose\0677.jpg,rose,0,400,200,3
677,dataset\rose\0678.jpg,rose,0,400,200,3
678,dataset\rose\0679.jpg,rose,0,400,200,3
679,dataset\rose\0680.jpg,rose,0,400,200,3
680,dataset\rose\0681.jpg,rose,0,400,200,3
681,dataset\rose\0682.jpg,rose,0,400,200,3
682,dataset\rose\0683.jpg,rose,0,400,200,3
683,dataset\rose\0684.jpg,rose,0,400,200,3
684,dataset\rose\0685.jpg,rose,0,400,200,3
685,dataset\rose\0686.jpg,rose,0,400,200,3
686,dataset\rose\0687.jpg,rose,0,400,200,3
687,dataset\rose\0688.jpg,rose,0,1,1,3
688,dataset\rose\0689.jpg,rose,0,427,320,3
689,dataset\rose\0690.jpg,rose,0,427,320,3
690,dataset\rose\0691.jpg,rose,0,480,320,3
691,dataset\rose\0692.jpg,rose,0,480,320,3
692,dataset\rose\0693.jpg,rose,0,240,320,3
693,dataset\rose\0694.jpg,rose,0,480,320,3
694,dataset\rose\0695.jpg,rose,0,480,320,3
695,dataset\rose\0696.jpg,rose,0,480,320,3
696,dataset\rose\0697.jpg,rose,0,362,320,3
697,dataset\rose\0698.jpg,rose,0,480,320,3
698,dataset\rose\0699.jpg,rose,0,480,320,3
699,dataset\rose\0700.jpg,rose,0,386,320,3
700,dataset\rose\0701.jpg,rose,0,480,320,3
701,dataset\rose\0702.jpg,rose,0,438,320,3
702,dataset\rose\0703.jpg,rose,0,480,319,3
703,dataset\rose\0704.jpg,rose,0,480,320,3
704,dataset\rose\0705.jpg,rose,0,480,282,3
705,dataset\rose\0706.jpg,rose,0,480,296,3
706,dataset\rose\0707.jpg,rose,0,480,320,3
707,dataset\rose\0708.jpg,rose,0,480,320,3
708,dataset\rose\0709.jpg,rose,0,480,320,3
709,dataset\rose\0710.jpg,rose,0,480,319,3
710,dataset\rose\0711.jpg,rose,0,480,320,3
711,dataset\rose\0712.jpg,rose,0,480,320,3
712,dataset\rose\0713.jpg,rose,0,480,300,3
713,dataset\rose\0714.jpg,rose,0,480,320,3
714,dataset\rose\0715.jpg,rose,0,480,300,3
715,dataset\rose\0716.jpg,rose,0,480,314,3
716,dataset\rose\0717.jpg,rose,0,480,300,3
717,dataset\rose\0718.jpg,rose,0,480,320,3
718,dataset\rose\0719.jpg,rose,0,400,200,3
719,dataset\rose\0720.jpg,rose,0,400,200,3
720,dataset\rose\0721.jpg,rose,0,400,200,3
721,dataset\rose\0722.jpg,rose,0,400,200,3
722,dataset\rose\0723.jpg,rose,0,400,200,3
723,dataset\rose\0724.jpg,rose,0,400,200,3
724,dataset\rose\0725.jpg,rose,0,400,200,3
725,dataset\rose\0726.jpg,rose,0,400,200,3
726,dataset\rose\0727.jpg,rose,0,400,200,3
727,dataset\rose\0728.jpg,rose,0,400,200,3
728,dataset\rose\0729.jpg,rose,0,400,200,3
729,dataset\rose\0730.jpg,rose,0,400,200,3
730,dataset\rose\0731.jpg,rose,0,1,1,3
731,dataset\rose\0732.jpg,rose,0,427,320,3
732,dataset\rose\0733.jpg,rose,0,427,320,3
733,dataset\rose\0734.jpg,rose,0,480,320,3
734,dataset\rose\0735.jpg,rose,0,480,320,3
735,dataset\rose\0736.jpg,rose,0,240,320,3
736,dataset\rose\0737.jpg,rose,0,480,320,3
737,dataset\rose\0738.jpg,rose,0,480,320,3
738,dataset\rose\0739.jpg,rose,0,480,320,3
739,dataset\rose\0740.jpg,rose,0,362,320,3
740,dataset\rose\0741.jpg,rose,0,480,320,3
741,dataset\rose\0742.jpg,rose,0,480,320,3
742,dataset\rose\0743.jpg,rose,0,386,320,3
743,dataset\rose\0744.jpg,rose,0,480,320,3
744,dataset\rose\0745.jpg,rose,0,438,320,3
745,dataset\rose\0746.jpg,rose,0,480,319,3
746,dataset\rose\0747.jpg,rose,0,480,320,3
747,dataset\rose\0748.jpg,rose,0,480,282,3
748,dataset\rose\0749.jpg,rose,0,480,296,3
749,dataset\rose\0750.jpg,rose,0,480,320,3
750,dataset\rose\0751.jpg,rose,0,480,320,3
751,dataset\rose\0752.jpg,rose,0,480,320,3
752,dataset\rose\0753.jpg,rose,0,480,319,3
753,dataset\rose\0754.jpg,rose,0,480,320,3
754,dataset\rose\0755.jpg,rose,0,480,320,3
755,dataset\rose\0756.jpg,rose,0,480,300,3
756,dataset\rose\0757.jpg,rose,0,480,320,3
757,dataset\rose\0758.jpg,rose,0,480,300,3
758,dataset\rose\0759.jpg,rose,0,480,314,3
759,dataset\rose\0760.jpg,rose,0,480,300,3
760,dataset\rose\0761.jpg,rose,0,480,320,3
761,dataset\rose\0762.jpg,rose,0,400,200,3
762,dataset\rose\0763.jpg,rose,0,400,200,3
763,dataset\rose\0764.jpg,rose,0,400,200,3
764,dataset\rose\0765.jpg,rose,0,400,200,3
765,dataset\rose\0766.jpg,rose,0,400,200,3
766,dataset\rose\0767.jpg,rose,0,400,200,3
767,dataset\rose\0768.jpg,rose,0,400,200,3
768,dataset\rose\0769.jpg,rose,0,400,200,3
769,dataset\rose\0770.jpg,rose,0,400,200,3
770,dataset\rose\0771.jpg,rose,0,400,200,3
771,dataset\rose\0772.jpg,rose,0,400,200,3
772,dataset\rose\0773.jpg,rose,0,400,200,3
773,dataset\rose\0774.jpg,rose,0,1,1,3
774,dataset\rose\0775.jpg,rose,0,427,320,3
775,dataset\rose\0776.jpg,rose,0,427,320,3
776,dataset\rose\0777.jpg,rose,0,480,320,3
777,dataset\rose\0778.jpg,rose,0,480,320,3
778,dataset\rose\0779.jpg,rose,0,240,320,3
779,dataset\rose\0780.jpg,rose,0,480,320,3
780,dataset\rose\0781.jpg,rose,0,480,320,3
781,dataset\rose\0782.jpg,rose,0,480,320,3
782,dataset\rose\0783.jpg,rose,0,362,320,3
783,dataset\rose\0784.jpg,rose,0,480,320,3
784,dataset\rose\0785.jpg,rose,0,480,320,3
785,dataset\rose\0786.jpg,rose,0,386,320,3
786,dataset\rose\0787.jpg,rose,0,480,320,3
787,dataset\rose\0788.jpg,rose,0,438,320,3
788,dataset\rose\0789.jpg,rose,0,480,319,3
789,dataset\rose\0790.jpg,rose,0,480,320,3
790,dataset\rose\0791.jpg,rose,0,480,282,3
791,dataset\rose\0792.jpg,rose,0,480,296,3
792,dataset\rose\0793.jpg,rose,0,480,320,3
793,dataset\rose\0794.jpg,rose,0,480,320,3
794,dataset\rose\0795.jpg,rose,0,480,320,3
795,dataset\rose\0796.jpg,rose,0,480,319,3
796,dataset\rose\0797.jpg,rose,0,480,320,3
797,dataset\rose\0798.jpg,rose,0,480,320,3
798,dataset\rose\0799.jpg,rose,0,480,300,3
799,dataset\rose\0800.jpg,rose,0,480,320,3
800,dataset\rose\0801.jpg,rose,0,480,300,3
801,dataset\rose\0802.jpg,rose,0,480,314,3
802,dataset\rose\0803.jpg,rose,0,480,300,3
803,dataset\rose\0804.jpg,rose,0,480,320,3
804,dataset\rose\0805.jpg,rose,0,400,200,3
805,dataset\rose\0806.jpg,rose,0,400,200,3
806,dataset\rose\0807.jpg,rose,0,400,200,3
807,dataset\rose\0808.jpg,rose,0,400,200,3
808,dataset\rose\0809.jpg,rose,0,400,200,3
809,dataset\rose\0810.jpg,rose,0,400,200,3
810,dataset\rose\0811.jpg,rose,0,400,200,3
811,dataset\rose\0812.jpg,rose,0,400,200,3
812,dataset\rose\0813.jpg,rose,0,400,200,3
813,dataset\rose\0814.jpg,rose,0,400,200,3
814,dataset\rose\0815.jpg,rose,0,400,200,3
815,dataset\rose\0816.jpg,rose,0,400,200,3
816,dataset\rose\0817.jpg,rose,0,1,1,3
817,dataset\rose\0818.jpg,rose,0,427,320,3
818,dataset\rose\0819.jpg,rose,0,427,320,3
819,dataset\rose\0820.jpg,rose,0,480,320,3
820,dataset\rose\0821.jpg,rose,0,480,320,3
821,dataset\rose\0822.jpg,rose,0,240,320,3
822,dataset\rose\0823.jpg,rose,0,480,320,3
823,dataset\rose\0824.jpg,rose,0,480,320,3
824,dataset\rose\0825.jpg,rose,0,480,320,3
825,dataset\rose\0826.jpg,rose,0,362,320,3
826,dataset\rose\0827.jpg,rose,0,480,320,3
827,dataset\rose\0828.jpg,rose,0,480,320,3
828,dataset\rose\0829.jpg,rose,0,386,320,3
829,dataset\rose\0830.jpg,rose,0,480,320,3
830,dataset\rose\0831.jpg,rose,0,438,320,3
831,dataset\rose\0832.jpg,rose,0,480,319,3
832,dataset\rose\0833.jpg,rose,0,480,320,3
833,dataset\rose\0834.jpg,rose,0,480,282,3
834,dataset\rose\0835.jpg,rose,0,480,296,3
835,dataset\rose\0836.jpg,rose,0,480,320,3
836,dataset\rose\0837.jpg,rose,0,480,320,3
837,dataset\rose\0838.jpg,rose,0,480,320,3
838,dataset\rose\0839.jpg,rose,0,480,319,3
839,dataset\rose\0840.jpg,rose,0,480,320,3
840,dataset\rose\0841.jpg,rose,0,480,320,3
841,dataset\rose\0842.jpg,rose,0,480,300,3
842,dataset\rose\0843.jpg,rose,0,480,320,3
843,dataset\rose\0844.jpg,rose,0,480,300,3
844,dataset\rose\0845.jpg,rose,0,480,314,3
845,dataset\rose\0846.jpg,rose,0,480,300,3
846,dataset\rose\0847.jpg,rose,0,480,320,3
847,dataset\rose\0848.jpg,rose,0,400,200,3
848,dataset\rose\0849.jpg,rose,0,400,200,3
849,dataset\rose\0850.jpg,rose,0,400,200,3
850,dataset\rose\0851.jpg,rose,0,400,200,3
851,dataset\rose\0852.jpg,rose,0,400,200,3
852,dataset\rose\0853.jpg,rose,0,400,200,3
853,dataset\rose\0854.jpg,rose,0,400,200,3
854,dataset\rose\0855.jpg,rose,0,400,200,3
855,dataset\rose\0856.jpg,rose,0,400,200,3
856,dataset\rose\0857.jpg,rose,0,400,200,3
857,dataset\rose\0858.jpg,rose,0,400,200,3
858,dataset\rose\0859.jpg,rose,0,400,200,3
859,dataset\rose\0860.jpg,rose,0,1,1,3
860,dataset\rose\0861.jpg,rose,0,427,320,3
861,dataset\rose\0862.jpg,rose,0,427,320,3
862,dataset\rose\0863.jpg,rose,0,480,320,3
863,dataset\rose\0864.jpg,rose,0,480,320,3
864,dataset\rose\0865.jpg,rose,0,240,320,3
865,dataset\rose\0866.jpg,rose,0,480,320,3
866,dataset\rose\0867.jpg,rose,0,480,320,3
867,dataset\rose\0868.jpg,rose,0,480,320,3
868,dataset\rose\0869.jpg,rose,0,362,320,3
869,dataset\rose\0870.jpg,rose,0,480,320,3
870,dataset\rose\0871.jpg,rose,0,480,320,3
871,dataset\rose\0872.jpg,rose,0,386,320,3
872,dataset\rose\0873.jpg,rose,0,480,320,3
873,dataset\rose\0874.jpg,rose,0,438,320,3
874,dataset\rose\0875.jpg,rose,0,480,319,3
875,dataset\rose\0876.jpg,rose,0,480,320,3
876,dataset\rose\0877.jpg,rose,0,480,282,3
877,dataset\rose\0878.jpg,rose,0,480,296,3
878,dataset\rose\0879.jpg,rose,0,480,320,3
879,dataset\rose\0880.jpg,rose,0,480,320,3
880,dataset\rose\0881.jpg,rose,0,480,320,3
881,dataset\rose\0882.jpg,rose,0,480,319,3
882,dataset\rose\0883.jpg,rose,0,480,320,3
883,dataset\rose\0884.jpg,rose,0,480,320,3
884,dataset\rose\0885.jpg,rose,0,480,300,3
885,dataset\rose\0886.jpg,rose,0,480,320,3
886,dataset\rose\0887.jpg,rose,0,480,300,3
887,dataset\rose\0888.jpg,rose,0,480,314,3
888,dataset\rose\0889.jpg,rose,0,480,300,3
889,dataset\rose\0890.jpg,rose,0,480,320,3
890,dataset\rose\0891.jpg,rose,0,400,200,3
891,dataset\rose\0892.jpg,rose,0,400,200,3
892,dataset\rose\0893.jpg,rose,0,400,200,3
893,dataset\rose\0894.jpg,rose,0,400,200,3
894,dataset\rose\0895.jpg,rose,0,400,200,3
895,dataset\rose\0896.jpg,rose,0,400,200,3
896,dataset\rose\0897.jpg,rose,0,400,200,3
897,dataset\rose\0898.jpg,rose,0,400,200,3
898,dataset\rose\0899.jpg,rose,0,400,200,3
899,dataset\rose\0900.jpg,rose,0,400,200,3
900,dataset\rose\0901.jpg,rose,0,400,200,3
901,dataset\rose\0902.jpg,rose,0,400,200,3
902,dataset\rose\0903.jpg,rose,0,1,1,3
903,dataset\rose\0904.jpg,rose,0,427,320,3
904,dataset\rose\0905.jpg,rose,0,427,320,3
905,dataset\rose\0906.jpg,rose,0,480,320,3
906,dataset\rose\0907.jpg,rose,0,480,320,3
907,dataset\rose\0908.jpg,rose,0,240,320,3
908,dataset\rose\0909.jpg,rose,0,480,320,3
909,dataset\rose\0910.jpg,rose,0,480,320,3
910,dataset\rose\0911.jpg,rose,0,480,320,3
911,dataset\rose\0912.jpg,rose,0,362,320,3
912,dataset\rose\0913.jpg,rose,0,480,320,3
913,dataset\rose\0914.jpg,rose,0,480,320,3
914,dataset\rose\0915.jpg,rose,0,386,320,3
915,dataset\rose\0916.jpg,rose,0,480,320,3
916,dataset\rose\0917.jpg,rose,0,438,320,3
917,dataset\rose\0918.jpg,rose,0,480,319,3
918,dataset\rose\0919.jpg,rose,0,480,320,3
919,dataset\rose\0920.jpg,rose,0,480,282,3
920,dataset\rose\0921.jpg,rose,0,480,296,3
921,dataset\rose\0922.jpg,rose,0,480,320,3
922,dataset\rose\0923.jpg,rose,0,480,320,3
923,dataset\rose\0924.jpg,rose,0,480,320,3
924,dataset\rose\0925.jpg,rose,0,480,319,3
925,dataset\rose\0926.jpg,rose,0,480,320,3
926,dataset\rose\0927.jpg,rose,0,480,320,3
927,dataset\rose\0928.jpg,rose,0,480,300,3
928,dataset\rose\0929.jpg,rose,0,480,320,3
929,dataset\rose\0930.jpg,rose,0,480,300,3
930,dataset\rose\0931.jpg,rose,0,480,314,3
931,dataset\rose\0932.jpg,rose,0,480,300,3
932,dataset\rose\0933.jpg,rose,0,480,320,3
933,dataset\rose\0934.jpg,rose,0,400,200,3
934,dataset\rose\0935.jpg,rose,0,400,200,3
935,dataset\rose\0936.jpg,rose,0,400,200,3
936,dataset\rose\0937.jpg,rose,0,400,200,3
937,dataset\rose\0938.jpg,rose,0,400,200,3
938,dataset\rose\0939.jpg,rose,0,400,200,3
939,dataset\rose\0940.jpg,rose,0,400,200,3
940,dataset\rose\0941.jpg,rose,0,400,200,3
941,dataset\rose\0942.jpg,rose,0,400,200,3
942,dataset\rose\0943.jpg,rose,0,400,200,3
943,dataset\rose\0944.jpg,rose,0,400,200,3
944,dataset\rose\0945.jpg,rose,0,400,200,3
945,dataset\rose\0946.jpg,rose,0,1,1,3
946,dataset\rose\0947.jpg,rose,0,427,320,3
947,dataset\rose\0948.jpg,rose,0,427,320,3
948,dataset\rose\0949.jpg,rose,0,480,320,3
949,dataset\rose\0950.jpg,rose,0,480,320,3
950,dataset\rose\0951.jpg,rose,0,240,320,3
951,dataset\rose\0952.jpg,rose,0,480,320,3
952,dataset\rose\0953.jpg,rose,0,480,320,3
953,dataset\rose\0954.jpg,rose,0,480,320,3
954,dataset\rose\0955.jpg,rose,0,362,320,3
955,dataset\rose\0956.jpg,rose,0,480,320,3
956,dataset\rose\0957.jpg,rose,0,480,320,3
957,dataset\rose\0958.jpg,rose,0,386,320,3
958,dataset\rose\0959.jpg,rose,0,480,320,3
959,dataset\rose\0960.jpg,rose,0,438,320,3
960,dataset\rose\0961.jpg,rose,0,480,319,3
961,dataset\rose\0962.jpg,rose,0,480,320,3
962,dataset\rose\0963.jpg,rose,0,480,282,3
963,dataset\rose\0964.jpg,rose,0,480,296,3
964,dataset\rose\0965.jpg,rose,0,480,320,3
965,dataset\rose\0966.jpg,rose,0,480,320,3
966,dataset\rose\0967.jpg,rose,0,480,320,3
967,dataset\rose\0968.jpg,rose,0,480,319,3
968,dataset\rose\0969.jpg,rose,0,480,320,3
969,dataset\rose\0970.jpg,rose,0,480,320,3
970,dataset\rose\0971.jpg,rose,0,480,300,3
971,dataset\rose\0972.jpg,rose,0,480,320,3
972,dataset\rose\0973.jpg,rose,0,480,300,3
973,dataset\rose\0974.jpg,rose,0,480,314,3
974,dataset\rose\0975.jpg,rose,0,480,300,3
975,dataset\rose\0976.jpg,rose,0,480,320,3
976,dataset\rose\0977.jpg,rose,0,400,200,3
977,dataset\rose\0978.jpg,rose,0,400,200,3
978,dataset\rose\0979.jpg,rose,0,400,200,3
979,dataset\rose\0980.jpg,rose,0,400,200,3
980,dataset\rose\0981.jpg,rose,0,400,200,3
981,dataset\rose\0982.jpg,rose,0,400,200,3
982,dataset\rose\0983.jpg,rose,0,400,200,3
983,dataset\rose\0984.jpg,rose,0,400,200,3
984,dataset\rose\0985.jpg,rose,0,400,200,3
985,dataset\rose\0986.jpg,rose,0,400,200,3
986,dataset\rose\0987.jpg,rose,0,400,200,3
987,dataset\rose\0988.jpg,rose,0,400,200,3
988,dataset\rose\0989.jpg,rose,0,1,1,3
989,dataset\rose\0990.jpg,rose,0,427,320,3
990,dataset\rose\0991.jpg,rose,0,427,320,3
991,dataset\rose\0992.jpg,rose,0,480,320,3
992,dataset\rose\0993.jpg,rose,0,480,320,3
993,dataset\rose\0994.jpg,rose,0,240,320,3
994,dataset\rose\0995.jpg,rose,0,480,320,3
995,dataset\rose\0996.jpg,rose,0,480,320,3
996,dataset\rose\0997.jpg,rose,0,480,320,3
997,dataset\rose\0998.jpg,rose,0,362,320,3
998,dataset\rose\0999.jpg,rose,0,480,320,3
999,dataset\tulip\0001.jpg,tulip,1,480,300,3
1000,dataset\tulip\0002.jpg,tulip,1,478,320,3
1001,dataset\tulip\0003.jpg,tulip,1,480,320,3
1002,dataset\tulip\0004.jpg,tulip,1,447,320,3
1003,dataset\tulip\0005.jpg,tulip,1,480,320,3
1004,dataset\tulip\0006.jpg,tulip,1,427,320,3
1005,dataset\tulip\0007.jpg,tulip,1,480,300,3
1006,dataset\tulip\0008.jpg,tulip,1,480,300,3
1007,dataset\tulip\0009.jpg,tulip,1,480,320,3
1008,dataset\tulip\0010.jpg,tulip,1,480,320,3
1009,dataset\tulip\0011.jpg,tulip,1,480,310,3
1010,dataset\tulip\0012.jpg,tulip,1,480,306,3
1011,dataset\tulip\0013.jpg,tulip,1,480,320,3
1012,dataset\tulip\0014.jpg,tulip,1,480,300,3
1013,dataset\tulip\0015.jpg,tulip,1,427,320,3
1014,dataset\tulip\0016.jpg,tulip,1,480,319,3
1015,dataset\tulip\0017.jpg,tulip,1,427,320,3
1016,dataset\tulip\0018.jpg,tulip,1,480,320,3
1017,dataset\tulip\0019.jpg,tulip,1,479,320,3
1018,dataset\tulip\0020.jpg,tulip,1,427,320,3
1019,dataset\tulip\0021.jpg,tulip,1,480,319,3
1020,dataset\tulip\0022.jpg,tulip,1,480,300,3
1021,dataset\tulip\0023.jpg,tulip,1,480,300,3
1022,dataset\tulip\0024.jpg,tulip,1,480,319,3
1023,dataset\tulip\0025.jpg,tulip,1,443,320,3
1024,dataset\tulip\0026.jpg,tulip,1,480,300,3
1025,dataset\tulip\0027.jpg,tulip,1,480,300,3
1026,dataset\tulip\0028.jpg,tulip,1,265,320,3
1027,dataset\tulip\0029.jpg,tulip,1,441,320,3
1028,dataset\tulip\0030.jpg,tulip,1,427,320,3
1029,dataset\tulip\0031.jpg,tulip,1,400,200,3
1030,dataset\tulip\0032.jpg,tulip,1,400,200,3
1031,dataset\tulip\0033.jpg,tulip,1,400,200,3
1032,dataset\tulip\0034.jpg,tulip,1,400,200,3
1033,dataset\tulip\0035.jpg,tulip,1,400,200,3
1034,dataset\tulip\0036.jpg,tulip,1,400,200,3
1035,dataset\tulip\0037.jpg,tulip,1,400,200,3
1036,dataset\tulip\0038.jpg,tulip,1,400,200,3
1037,dataset\tulip\0039.jpg,tulip,1,400,200,3
1038,dataset\tulip\0040.jpg,tulip,1,400,200,3
1039,dataset\tulip\0041.jpg,tulip,1,400,200,3
1040,dataset\tulip\0042.jpg,tulip,1,400,200,3
1041,dataset\tulip\0043.jpg,tulip,1,1,1,3
1042,dataset\tulip\0044.jpg,tulip,1,480,300,3
1043,dataset\tulip\0045.jpg,tulip,1,478,320,3
1044,dataset\tulip\0046.jpg,tulip,1,480,320,3
1045,dataset\tulip\0047.jpg,tulip,1,447,320,3
1046,dataset\tulip\0048.jpg,tulip,1,480,320,3
1047,dataset\tulip\0049.jpg,tulip,1,427,320,3
1048,dataset\tulip\0050.jpg,tulip,1,480,300,3
1049,dataset\tulip\0051.jpg,tulip,1,480,300,3
1050,dataset\tulip\0052.jpg,tulip,1,480,320,3
1051,dataset\tulip\0053.jpg,tulip,1,480,320,3
1052,dataset\tulip\0054.jpg,tulip,1,480,310,3
1053,dataset\tulip\0055.jpg,tulip,1,480,306,3
1054,dataset\tulip\0056.jpg,tulip,1,480,320,3
1055,dataset\tulip\0057.jpg,tulip,1,480,300,3
1056,dataset\tulip\0058.jpg,tulip,1,427,320,3
1057,dataset\tulip\0059.jpg,tulip,1,480,319,3
1058,dataset\tulip\0060.jpg,tulip,1,427,320,3
1059,dataset\tulip\0061.jpg,tulip,1,480,320,3
1060,dataset\tulip\0062.jpg,tulip,1,479,320,3
1061,dataset\tulip\0063.jpg,tulip,1,427,320,3
1062,dataset\tulip\0064.jpg,tulip,1,480,319,3
1063,dataset\tulip\0065.jpg,tulip,1,480,300,3
1064,dataset\tulip\0066.jpg,tulip,1,480,300,3
1065,dataset\tulip\0067.jpg,tulip,1,480,319,3
1066,dataset\tulip\0068.jpg,tulip,1,443,320,3
1067,dataset\tulip\0069.jpg,tulip,1,480,300,3
1068,dataset\tulip\0070.jpg,tulip,1,480,300,3
1069,dataset\tulip\0071.jpg,tulip,1,265,320,3
1070,dataset\tulip\0072.jpg,tulip,1,441,320,3
1071,dataset\tulip\0073.jpg,tulip,1,427,320,3
1072,dataset\tulip\0074.jpg,tulip,1,400,200,3
1073,dataset\tulip\0075.jpg,tulip,1,400,200,3
1074,dataset\tulip\0076.jpg,tulip,1,400,200,3
1075,dataset\tulip\0077.jpg,tulip,1,400,200,3
1076,dataset\tulip\0078.jpg,tulip,1,400,200,3
1077,dataset\tulip\0079.jpg,tulip,1,400,200,3
1078,dataset\tulip\0080.jpg,tulip,1,400,200,3
1079,dataset\tulip\0081.jpg,tulip,1,400,200,3
1080,dataset\tulip\0082.jpg,tulip,1,400,200,3
1081,dataset\tulip\0083.jpg,tulip,1,400,200,3
1082,dataset\tulip\0084.jpg,tulip,1,400,200,3
1083,dataset\tulip\0085.jpg,tulip,1,400,200,3
1084,dataset\tulip\0086.jpg,tulip,1,1,1,3
1085,dataset\tulip\0087.jpg,tulip,1,480,300,3
1086,dataset\tulip\0088.jpg,tulip,1,478,320,3
1087,dataset\tulip\0089.jpg,tulip,1,480,320,3
1088,dataset\tulip\0090.jpg,tulip,1,447,320,3
1089,dataset\tulip\0091.jpg,tulip,1,480,320,3
1090,dataset\tulip\0092.jpg,tulip,1,427,320,3
1091,dataset\tulip\0093.jpg,tulip,1,480,300,3
1092,dataset\tulip\0094.jpg,tulip,1,480,300,3
1093,dataset\tulip\0095.jpg,tulip,1,480,320,3
1094,dataset\tulip\0096.jpg,tulip,1,480,320,3
1095,dataset\tulip\0097.jpg,tulip,1,480,310,3
1096,dataset\tulip\0098.jpg,tulip,1,480,306,3
1097,dataset\tulip\0099.jpg,tulip,1,480,320,3
1098,dataset\tulip\0100.jpg,tulip,1,480,300,3
1099,dataset\tulip\0101.jpg,tulip,1,427,320,3
1100,dataset\tulip\0102.jpg,tulip,1,480,319,3
1101,dataset\tulip\0103.jpg,tulip,1,427,320,3
1102,dataset\tulip\0104.jpg,tulip,1,480,320,3
1103,dataset\tulip\0105.jpg,tulip,1,479,320,3
1104,dataset\tulip\0106.jpg,tulip,1,427,320,3
1105,dataset\tulip\0107.jpg,tulip,1,480,319,3
1106,dataset\tulip\0108.jpg,tulip,1,480,300,3
1107,dataset\tulip\0109.jpg,tulip,1,480,300,3
1108,dataset\tulip\0110.jpg,tulip,1,480,319,3
1109,dataset\tulip\0111.jpg,tulip,1,443,320,3
1110,dataset\tulip\0112.jpg,tulip,1,480,300,3
1111,dataset\tulip\0113.jpg,tulip,1,480,300,3
1112,dataset\tulip\0114.jpg,tulip,1,265,320,3
1113,dataset\tulip\0115.jpg,tulip,1,441,320,3
1114,dataset\tulip\0116.jpg,tulip,1,427,320,3
1115,dataset\tulip\0117.jpg,tulip,1,400,200,3
1116,dataset\tulip\0118.jpg,tulip,1,400,200,3
1117,dataset\tulip\0119.jpg,tulip,1,400,200,3
1118,dataset\tulip\0120.jpg,tulip,1,400,200,3
1119,dataset\tulip\0121.jpg,tulip,1,400,200,3
1120,dataset\tulip\0122.jpg,tulip,1,400,200,3
1121,dataset\tulip\0123.jpg,tulip,1,400,200,3
1122,dataset\tulip\0124.jpg,tulip,1,400,200,3
1123,dataset\tulip\0125.jpg,tulip,1,400,200,3
1124,dataset\tulip\0126.jpg,tulip,1,400,200,3
1125,dataset\tulip\0127.jpg,tulip,1,400,200,3
1126,dataset\tulip\0128.jpg,tulip,1,400,200,3
1127,dataset\tulip\0129.jpg,tulip,1,1,1,3
1128,dataset\tulip\0130.jpg,tulip,1,480,300,3
1129,dataset\tulip\0131.jpg,tulip,1,478,320,3
1130,dataset\tulip\0132.jpg,tulip,1,480,320,3
1131,dataset\tulip\0133.jpg,tulip,1,447,320,3
1132,dataset\tulip\0134.jpg,tulip,1,480,320,3
1133,dataset\tulip\0135.jpg,tulip,1,427,320,3
1134,dataset\tulip\0136.jpg,tulip,1,480,300,3
1135,dataset\tulip\0137.jpg,tulip,1,480,300,3
1136,dataset\tulip\0138.jpg,tulip,1,480,320,3
1137,dataset\tulip\0139.jpg,tulip,1,480,320,3
1138,dataset\tulip\0140.jpg,tulip,1,480,310,3
1139,dataset\tulip\0141.jpg,tulip,1,480,306,3
1140,dataset\tulip\0142.jpg,tulip,1,480,320,3
1141,dataset\tulip\0143.jpg,tulip,1,480,300,3
1142,dataset\tulip\0144.jpg,tulip,1,427,320,3
1143,dataset\tulip\0145.jpg,tulip,1,480,319,3
1144,dataset\tulip\0146.jpg,tulip,1,427,320,3
1145,dataset\tulip\0147.jpg,tulip,1,480,320,3
1146,dataset\tulip\0148.jpg,tulip,1,479,320,3
1147,dataset\tulip\0149.jpg,tulip,1,427,320,3
1148,dataset\tulip\0150.jpg,tulip,1,480,319,3
1149,dataset\tulip\0151.jpg,tulip,1,480,300,3
1150,dataset\tulip\0152.jpg,tulip,1,480,300,3
1151,dataset\tulip\0153.jpg,tulip,1,480,319,3
1152,dataset\tulip\0154.jpg,tulip,1,443,320,3
1153,dataset\tulip\0155.jpg,tulip,1,480,300,3
1154,dataset\tulip\0156.jpg,tulip,1,480,300,3
1155,dataset\tulip\0157.jpg,tulip,1,265,320,3
1156,dataset\tulip\0158.jpg,tulip,1,441,320,3
1157,dataset\tulip\0159.jpg,tulip,1,427,320,3
1158,dataset\tulip\0160.jpg,tulip,1,400,200,3
1159,dataset\tulip\0161.jpg,tulip,1,400,200,3
1160,dataset\tulip\0162.jpg,tulip,1,400,200,3
1161,dataset\tulip\0163.jpg,tulip,1,400,200,3
1162,dataset\tulip\0164.jpg,tulip,1,400,200,3
1163,dataset\tulip\0165.jpg,tulip,1,400,200,3
1164,dataset\tulip\0166.jpg,tulip,1,400,200,3
1165,dataset\tulip\0167.jpg,tulip,1,400,200,3
1166,dataset\tulip\0168.jpg,tulip,1,400,200,3
1167,dataset\tulip\0169.jpg,tulip,1,400,200,3
1168,dataset\tulip\0170.jpg,tulip,1,400,200,3
1169,dataset\tulip\0171.jpg,tulip,1,400,200,3
1170,dataset\tulip\0172.jpg,tulip,1,1,1,3
1171,dataset\tulip\0173.jpg,tulip,1,480,300,3
1172,dataset\tulip\0174.jpg,tulip,1,478,320,3
1173,dataset\tulip\0175.jpg,tulip,1,480,320,3
1174,dataset\tulip\0176.jpg,tulip,1,447,320,3
1175,dataset\tulip\0177.jpg,tulip,1,480,320,3
1176,dataset\tulip\0178.jpg,tulip,1,427,320,3
1177,dataset\tulip\0179.jpg,tulip,1,480,300,3
1178,dataset\tulip\0180.jpg,tulip,1,480,300,3
1179,dataset\tulip\0181.jpg,tulip,1,480,320,3
1180,dataset\tulip\0182.jpg,tulip,1,480,320,3
1181,dataset\tulip\0183.jpg,tulip,1,480,310,3
1182,dataset\tulip\0184.jpg,tulip,1,480,306,3
1183,dataset\tulip\0185.jpg,tulip,1,480,320,3
1184,dataset\tulip\0186.jpg,tulip,1,480,300,3
1185,dataset\tulip\0187.jpg,tulip,1,427,320,3
1186,dataset\tulip\0188.jpg,tulip,1,480,319,3
1187,dataset\tulip\0189.jpg,tulip,1,427,320,3
1188,dataset\tulip\0190.jpg,tulip,1,480,320,3
1189,dataset\tulip\0191.jpg,tulip,1,479,320,3
1190,dataset\tulip\0192.jpg,tulip,1,427,320,3
1191,dataset\tulip\0193.jpg,tulip,1,480,319,3
1192,dataset\tulip\0194.jpg,tulip,1,480,300,3
1193,dataset\tulip\0195.jpg,tulip,1,480,300,3
1194,dataset\tulip\0196.jpg,tulip,1,480,319,3
1195,dataset\tulip\0197.jpg,tulip,1,443,320,3
1196,dataset\tulip\0198.jpg,tulip,1,480,300,3
1197,dataset\tulip\0199.jpg,tulip,1,480,300,3
1198,dataset\tulip\0200.jpg,tulip,1,265,320,3
1199,dataset\tulip\0201.jpg,tulip,1,441,320,3
1200,dataset\tulip\0202.jpg,tulip,1,427,320,3
1201,dataset\tulip\0203.jpg,tulip,1,400,200,3
1202,dataset\tulip\0204.jpg,tulip,1,400,200,3
1203,dataset\tulip\0205.jpg,tulip,1,400,200,3
1204,dataset\tulip\0206.jpg,tulip,1,400,200,3
1205,dataset\tulip\0207.jpg,tulip,1,400,200,3
1206,dataset\tulip\0208.jpg,tulip,1,400,200,3
1207,dataset\tulip\0209.jpg,tulip,1,400,200,3
1208,dataset\tulip\0210.jpg,tulip,1,400,200,3
1209,dataset\tulip\0211.jpg,tulip,1,400,200,3
1210,dataset\tulip\0212.jpg,tulip,1,400,200,3
1211,dataset\tulip\0213.jpg,tulip,1,400,200,3
1212,dataset\tulip\0214.jpg,tulip,1,400,200,3
1213,dataset\tulip\0215.jpg,tulip,1,1,1,3
1214,dataset\tulip\0216.jpg,tulip,1,480,300,3
1215,dataset\tulip\0217.jpg,tulip,1,478,320,3
1216,dataset\tulip\0218.jpg,tulip,1,480,320,3
1217,dataset\tulip\0219.jpg,tulip,1,447,320,3
1218,dataset\tulip\0220.jpg,tulip,1,480,320,3
1219,dataset\tulip\0221.jpg,tulip,1,427,320,3
1220,dataset\tulip\0222.jpg,tulip,1,480,300,3
1221,dataset\tulip\0223.jpg,tulip,1,480,300,3
1222,dataset\tulip\0224.jpg,tulip,1,480,320,3
1223,dataset\tulip\0225.jpg,tulip,1,480,320,3
1224,dataset\tulip\0226.jpg,tulip,1,480,310,3
1225,dataset\tulip\0227.jpg,tulip,1,480,306,3
1226,dataset\tulip\0228.jpg,tulip,1,480,320,3
1227,dataset\tulip\0229.jpg,tulip,1,480,300,3
1228,dataset\tulip\0230.jpg,tulip,1,427,320,3
1229,dataset\tulip\0231.jpg,tulip,1,480,319,3
1230,dataset\tulip\0232.jpg,tulip,1,427,320,3
1231,dataset\tulip\0233.jpg,tulip,1,480,320,3
1232,dataset\tulip\0234.jpg,tulip,1,479,320,3
1233,dataset\tulip\0235.jpg,tulip,1,427,320,3
1234,dataset\tulip\0236.jpg,tulip,1,480,319,3
1235,dataset\tulip\0237.jpg,tulip,1,480,300,3
1236,dataset\tulip\0238.jpg,tulip,1,480,300,3
1237,dataset\tulip\0239.jpg,tulip,1,480,319,3
1238,dataset\tulip\0240.jpg,tulip,1,443,320,3
1239,dataset\tulip\0241.jpg,tulip,1,480,300,3
1240,dataset\tulip\0242.jpg,tulip,1,480,300,3
1241,dataset\tulip\0243.jpg,tulip,1,265,320,3
1242,dataset\tulip\0244.jpg,tulip,1,441,320,3
1243,dataset\tulip\0245.jpg,tulip,1,427,320,3
1244,dataset\tulip\0246.jpg,tulip,1,400,200,3
1245,dataset\tulip\0247.jpg,tulip,1,400,200,3
1246,dataset\tulip\0248.jpg,tulip,1,400,200,3
1247,dataset\tulip\0249.jpg,tulip,1,400,200,3
1248,dataset\tulip\0250.jpg,tulip,1,400,200,3
1249,dataset\tulip\0251.jpg,tulip,1,400,200,3
1250,dataset\tulip\0252.jpg,tulip,1,400,200,3
1251,dataset\tulip\0253.jpg,tulip,1,400,200,3
1252,dataset\tulip\0254.jpg,tulip,1,400,200,3
1253,dataset\tulip\0255.jpg,tulip,1,400,200,3
1254,dataset\tulip\0256.jpg,tulip,1,400,200,3
1255,dataset\tulip\0257.jpg,tulip,1,400,200,3
1256,dataset\tulip\0258.jpg,tulip,1,1,1,3
1257,dataset\tulip\0259.jpg,tulip,1,480,300,3
1258,dataset\tulip\0260.jpg,tulip,1,478,320,3
1259,dataset\tulip\0261.jpg,tulip,1,480,320,3
1260,dataset\tulip\0262.jpg,tulip,1,447,320,3
1261,dataset\tulip\0263.jpg,tulip,1,480,320,3
1262,dataset\tulip\0264.jpg,tulip,1,427,320,3
1263,dataset\tulip\0265.jpg,tulip,1,480,300,3
1264,dataset\tulip\0266.jpg,tulip,1,480,300,3
1265,dataset\tulip\0267.jpg,tulip,1,480,320,3
1266,dataset\tulip\0268.jpg,tulip,1,480,320,3
1267,dataset\tulip\0269.jpg,tulip,1,480,310,3
1268,dataset\tulip\0270.jpg,tulip,1,480,306,3
1269,dataset\tulip\0271.jpg,tulip,1,480,320,3
1270,dataset\tulip\0272.jpg,tulip,1,480,300,3
1271,dataset\tulip\0273.jpg,tulip,1,427,320,3
1272,dataset\tulip\0274.jpg,tulip,1,480,319,3
1273,dataset\tulip\0275.jpg,tulip,1,427,320,3
1274,dataset\tulip\0276.jpg,tulip,1,480,320,3
1275,dataset\tulip\0277.jpg,tulip,1,479,320,3
1276,dataset\tulip\0278.jpg,tulip,1,427,320,3
1277,dataset\tulip\0279.jpg,tulip,1,480,319,3
1278,dataset\tulip\0280.jpg,tulip,1,480,300,3
1279,dataset\tulip\0281.jpg,tulip,1,480,300,3
1280,dataset\tulip\0282.jpg,tulip,1,480,319,3
1281,dataset\tulip\0283.jpg,tulip,1,443,320,3
1282,dataset\tulip\0284.jpg,tulip,1,480,300,3
1283,dataset\tulip\0285.jpg,tulip,1,480,300,3
1284,dataset\tulip\0286.jpg,tulip,1,265,320,3
1285,dataset\tulip\0287.jpg,tulip,1,441,320,3
1286,dataset\tulip\0288.jpg,tulip,1,427,320,3
1287,dataset\tulip\0289.jpg,tulip,1,400,200,3
1288,dataset\tulip\0290.jpg,tulip,1,400,200,3
1289,dataset\tulip\0291.jpg,tulip,1,400,200,3
1290,dataset\tulip\0292.jpg,tulip,1,400,200,3
1291,dataset\tulip\0293.jpg,tulip,1,400,200,3
1292,dataset\tulip\0294.jpg,tulip,1,400,200,3
1293,dataset\tulip\0295.jpg,tulip,1,400,200,3
1294,dataset\tulip\0296.jpg,tulip,1,400,200,3
1295,dataset\tulip\0297.jpg,tulip,1,400,200,3
1296,dataset\tulip\0298.jpg,tulip,1,400,200,3
1297,dataset\tulip\0299.jpg,tulip,1,400,200,3
1298,dataset\tulip\0300.jpg,tulip,1,400,200,3
1299,dataset\tulip\0301.jpg,tulip,1,1,1,3
1300,dataset\tulip\0302.jpg,tulip,1,480,300,3
1301,dataset\tulip\0303.jpg,tulip,1,478,320,3
1302,dataset\tulip\0304.jpg,tulip,1,480,320,3
1303,dataset\tulip\0305.jpg,tulip,1,447,320,3
1304,dataset\tulip\0306.jpg,tulip,1,480,320,3
1305,dataset\tulip\0307.jpg,tulip,1,427,320,3
1306,dataset\tulip\0308.jpg,tulip,1,480,300,3
1307,dataset\tulip\0309.jpg,tulip,1,480,300,3
1308,dataset\tulip\0310.jpg,tulip,1,480,320,3
1309,dataset\tulip\0311.jpg,tulip,1,480,320,3
1310,dataset\tulip\0312.jpg,tulip,1,480,310,3
1311,dataset\tulip\0313.jpg,tulip,1,480,306,3
1312,dataset\tulip\0314.jpg,tulip,1,480,320,3
1313,dataset\tulip\0315.jpg,tulip,1,480,300,3
1314,dataset\tulip\0316.jpg,tulip,1,427,320,3
1315,dataset\tulip\0317.jpg,tulip,1,480,319,3
1316,dataset\tulip\0318.jpg,tulip,1,427,320,3
1317,dataset\tulip\0319.jpg,tulip,1,480,320,3
1318,dataset\tulip\0320.jpg,tulip,1,479,320,3
1319,dataset\tulip\0321.jpg,tulip,1,427,320,3
1320,dataset\tulip\0322.jpg,tulip,1,480,319,3
1321,dataset\tulip\0323.jpg,tulip,1,480,300,3
1322,dataset\tulip\0324.jpg,tulip,1,480,300,3
1323,dataset\tulip\0325.jpg,tulip,1,480,319,3
1324,dataset\tulip\0326.jpg,tulip,1,443,320,3
1325,dataset\tulip\0327.jpg,tulip,1,480,300,3
1326,dataset\tulip\0328.jpg,tulip,1,480,300,3
1327,dataset\tulip\0329.jpg,tulip,1,265,320,3
1328,dataset\tulip\0330.jpg,tulip,1,441,320,3
1329,dataset\tulip\0331.jpg,tulip,1,427,320,3
1330,dataset\tulip\0332.jpg,tulip,1,400,200,3
1331,dataset\tulip\0333.jpg,tulip,1,400,200,3
1332,dataset\tulip\0334.jpg,tulip,1,400,200,3
1333,dataset\tulip\0335.jpg,tulip,1,400,200,3
1334,dataset\tulip\0336.jpg,tulip,1,400,200,3
1335,dataset\tulip\0337.jpg,tulip,1,400,200,3
1336,dataset\tulip\0338.jpg,tulip,1,400,200,3
1337,dataset\tulip\0339.jpg,tulip,1,400,200,3
1338,dataset\tulip\0340.jpg,tulip,1,400,200,3
1339,dataset\tulip\0341.jpg,tulip,1,400,200,3
1340,dataset\tulip\0342.jpg,tulip,1,400,200,3
1341,dataset\tulip\0343.jpg,tulip,1,400,200,3
1342,dataset\tulip\0344.jpg,tulip,1,1,1,3
1343,dataset\tulip\0345.jpg,tulip,1,480,300,3
1344,dataset\tulip\0346.jpg,tulip,1,478,320,3
1345,dataset\tulip\0347.jpg,tulip,1,480,320,3
1346,dataset\tulip\0348.jpg,tulip,1,447,320,3
1347,dataset\tulip\0349.jpg,tulip,1,480,320,3
1348,dataset\tulip\0350.jpg,tulip,1,427,320,3
1349,dataset\tulip\0351.jpg,tulip,1,480,300,3
1350,dataset\tulip\0352.jpg,tulip,1,480,300,3
1351,dataset\tulip\0353.jpg,tulip,1,480,320,3
1352,dataset\tulip\0354.jpg,tulip,1,480,320,3
1353,dataset\tulip\0355.jpg,tulip,1,480,310,3
1354,dataset\tulip\0356.jpg,tulip,1,480,306,3
1355,dataset\tulip\0357.jpg,tulip,1,480,320,3
1356,dataset\tulip\0358.jpg,tulip,1,480,300,3
1357,dataset\tulip\0359.jpg,tulip,1,427,320,3
1358,dataset\tulip\0360.jpg,tulip,1,480,319,3
1359,dataset\tulip\0361.jpg,tulip,1,427,320,3
1360,dataset\tulip\0362.jpg,tulip,1,480,320,3
1361,dataset\tulip\0363.jpg,tulip,1,479,320,3
1362,dataset\tulip\0364.jpg,tulip,1,427,320,3
1363,dataset\tulip\0365.jpg,tulip,1,480,319,3
1364,dataset\tulip\0366.jpg,tulip,1,480,300,3
1365,dataset\tulip\0367.jpg,tulip,1,480,300,3
1366,dataset\tulip\0368.jpg,tulip,1,480,319,3
1367,dataset\tulip\0369.jpg,tulip,1,443,320,3
1368,dataset\tulip\0370.jpg,tulip,1,480,300,3
1369,dataset\tulip\0371.jpg,tulip,1,480,300,3
1370,dataset\tulip\0372.jpg,tulip,1,265,320,3
1371,dataset\tulip\0373.jpg,tulip,1,441,320,3
1372,dataset\tulip\0374.jpg,tulip,1,427,320,3
1373,dataset\tulip\0375.jpg,tulip,1,400,200,3
1374,dataset\tulip\0376.jpg,tulip,1,400,200,3
1375,dataset\tulip\0377.jpg,tulip,1,400,200,3
1376,dataset\tulip\0378.jpg,tulip,1,400,200,3
1377,dataset\tulip\0379.jpg,tulip,1,400,200,3
1378,dataset\tulip\0380.jpg,tulip,1,400,200,3
1379,dataset\tulip\0381.jpg,tulip,1,400,200,3
1380,dataset\tulip\0382.jpg,tulip,1,400,200,3
1381,dataset\tulip\0383.jpg,tulip,1,400,200,3
1382,dataset\tulip\0384.jpg,tulip,1,400,200,3
1383,dataset\tulip\0385.jpg,tulip,1,400,200,3
1384,dataset\tulip\0386.jpg,tulip,1,400,200,3
1385,dataset\tulip\0387.jpg,tulip,1,1,1,3
1386,dataset\tulip\0388.jpg,tulip,1,480,300,3
1387,dataset\tulip\0389.jpg,tulip,1,478,320,3
1388,dataset\tulip\0390.jpg,tulip,1,480,320,3
1389,dataset\tulip\0391.jpg,tulip,1,447,320,3
1390,dataset\tulip\0392.jpg,tulip,1,480,320,3
1391,dataset\tulip\0393.jpg,tulip,1,427,320,3
1392,dataset\tulip\0394.jpg,tulip,1,480,300,3
1393,dataset\tulip\0395.jpg,tulip,1,480,300,3
1394,dataset\tulip\0396.jpg,tulip,1,480,320,3
1395,dataset\tulip\0397.jpg,tulip,1,480,320,3
1396,dataset\tulip\0398.jpg,tulip,1,480,310,3
1397,dataset\tulip\0399.jpg,tulip,1,480,306,3
1398,dataset\tulip\0400.jpg,tulip,1,480,320,3
1399,dataset\tulip\0401.jpg,tulip,1,480,300,3
1400,dataset\tulip\0402.jpg,tulip,1,427,320,3
1401,dataset\tulip\0403.jpg,tulip,1,480,319,3
1402,dataset\tulip\0404.jpg,tulip,1,427,320,3
1403,dataset\tulip\0405.jpg,tulip,1,480,320,3
1404,dataset\tulip\0406.jpg,tulip,1,479,320,3
1405,dataset\tulip\0407.jpg,tulip,1,427,320,3
1406,dataset\tulip\0408.jpg,tulip,1,480,319,3
1407,dataset\tulip\0409.jpg,tulip,1,480,300,3
1408,dataset\tulip\0410.jpg,tulip,1,480,300,3
1409,dataset\tulip\0411.jpg,tulip,1,480,319,3
1410,dataset\tulip\0412.jpg,tulip,1,443,320,3
1411,dataset\tulip\0413.jpg,tulip,1,480,300,3
1412,dataset\tulip\0414.jpg,tulip,1,480,300,3
1413,dataset\tulip\0415.jpg,tulip,1,265,320,3
1414,dataset\tulip\0416.jpg,tulip,1,441,320,3
1415,dataset\tulip\0417.jpg,tulip,1,427,320,3
1416,dataset\tulip\0418.jpg,tulip,1,400,200,3
1417,dataset\tulip\0419.jpg,tulip,1,400,200,3
1418,dataset\tulip\0420.jpg,tulip,1,400,200,3
1419,dataset\tulip\0421.jpg,tulip,1,400,200,3
1420,dataset\tulip\0422.jpg,tulip,1,400,200,3
1421,dataset\tulip\0423.jpg,tulip,1,400,200,3
1422,dataset\tulip\0424.jpg,tulip,1,400,200,3
1423,dataset\tulip\0425.jpg,tulip,1,400,200,3
1424,dataset\tulip\0426.jpg,tulip,1,400,200,3
1425,dataset\tulip\0427.jpg,tulip,1,400,200,3
1426,dataset\tulip\0428.jpg,tulip,1,400,200,3
1427,dataset\tulip\0429.jpg,tulip,1,400,200,3
1428,dataset\tulip\0430.jpg,tulip,1,1,1,3
1429,dataset\tulip\0431.jpg,tulip,1,480,300,3
1430,dataset\tulip\0432.jpg,tulip,1,478,320,3
1431,dataset\tulip\0433.jpg,tulip,1,480,320,3
1432,dataset\tulip\0434.jpg,tulip,1,447,320,3
1433,dataset\tulip\0435.jpg,tulip,1,480,320,3
1434,dataset\tulip\0436.jpg,tulip,1,427,320,3
1435,dataset\tulip\0437.jpg,tulip,1,480,300,3
1436,dataset\tulip\0438.jpg,tulip,1,480,300,3
1437,dataset\tulip\0439.jpg,tulip,1,480,320,3
1438,dataset\tulip\0440.jpg,tulip,1,480,320,3
1439,dataset\tulip\0441.jpg,tulip,1,480,310,3
1440,dataset\tulip\0442.jpg,tulip,1,480,306,3
1441,dataset\tulip\0443.jpg,tulip,1,480,320,3
1442,dataset\tulip\0444.jpg,tulip,1,480,300,3
1443,dataset\tulip\0445.jpg,tulip,1,427,320,3
1444,dataset\tulip\0446.jpg,tulip,1,480,319,3
1445,dataset\tulip\0447.jpg,tulip,1,427,320,3
1446,dataset\tulip\0448.jpg,tulip,1,480,320,3
1447,dataset\tulip\0449.jpg,tulip,1,479,320,3
1448,dataset\tulip\0450.jpg,tulip,1,427,320,3
1449,dataset\tulip\0451.jpg,tulip,1,480,319,3
1450,dataset\tulip\0452.jpg,tulip,1,480,300,3
1451,dataset\tulip\0453.jpg,tulip,1,480,300,3
1452,dataset\tulip\0454.jpg,tulip,1,480,319,3
1453,dataset\tulip\0455.jpg,tulip,1,443,320,3
1454,dataset\tulip\0456.jpg,tulip,1,480,300,3
1455,dataset\tulip\0457.jpg,tulip,1,480,300,3
1456,dataset\tulip\0458.jpg,tulip,1,265,320,3
1457,dataset\tulip\0459.jpg,tulip,1,441,320,3
1458,dataset\tulip\0460.jpg,tulip,1,427,320,3
1459,dataset\tulip\0461.jpg,tulip,1,400,200,3
1460,dataset\tulip\0462.jpg,tulip,1,400,200,3
1461,dataset\tulip\0463.jpg,tulip,1,400,200,3
1462,dataset\tulip\0464.jpg,tulip,1,400,200,3
1463,dataset\tulip\0465.jpg,tulip,1,400,200,3
1464,dataset\tulip\0466.jpg,tulip,1,400,200,3
1465,dataset\tulip\0467.jpg,tulip,1,400,200,3
1466,dataset\tulip\0468.jpg,tulip,1,400,200,3
1467,dataset\tulip\0469.jpg,tulip,1,400,200,3
1468,dataset\tulip\0470.jpg,tulip,1,400,200,3
1469,dataset\tulip\0471.jpg,tulip,1,400,200,3
1470,dataset\tulip\0472.jpg,tulip,1,400,200,3
1471,dataset\tulip\0473.jpg,tulip,1,1,1,3
1472,dataset\tulip\0474.jpg,tulip,1,480,300,3
1473,dataset\tulip\0475.jpg,tulip,1,478,320,3
1474,dataset\tulip\0476.jpg,tulip,1,480,320,3
1475,dataset\tulip\0477.jpg,tulip,1,447,320,3
1476,dataset\tulip\0478.jpg,tulip,1,480,320,3
1477,dataset\tulip\0479.jpg,tulip,1,427,320,3
1478,dataset\tulip\0480.jpg,tulip,1,480,300,3
1479,dataset\tulip\0481.jpg,tulip,1,480,300,3
1480,dataset\tulip\0482.jpg,tulip,1,480,320,3
1481,dataset\tulip\0483.jpg,tulip,1,480,320,3
1482,dataset\tulip\0484.jpg,tulip,1,480,310,3
1483,dataset\tulip\0485.jpg,tulip,1,480,306,3
1484,dataset\tulip\0486.jpg,tulip,1,480,320,3
1485,dataset\tulip\0487.jpg,tulip,1,480,300,3
1486,dataset\tulip\0488.jpg,tulip,1,427,320,3
1487,dataset\tulip\0489.jpg,tulip,1,480,319,3
1488,dataset\tulip\0490.jpg,tulip,1,427,320,3
1489,dataset\tulip\0491.jpg,tulip,1,480,320,3
1490,dataset\tulip\0492.jpg,tulip,1,479,320,3
1491,dataset\tulip\0493.jpg,tulip,1,427,320,3
1492,dataset\tulip\0494.jpg,tulip,1,480,319,3
1493,dataset\tulip\0495.jpg,tulip,1,480,300,3
1494,dataset\tulip\0496.jpg,tulip,1,480,300,3
1495,dataset\tulip\0497.jpg,tulip,1,480,319,3
1496,dataset\tulip\0498.jpg,tulip,1,443,320,3
1497,dataset\tulip\0499.jpg,tulip,1,480,300,3
1498,dataset\tulip\0500.jpg,tulip,1,480,300,3
1499,dataset\tulip\0501.jpg,tulip,1,265,320,3
1500,dataset\tulip\0502.jpg,tulip,1,441,320,3
1501,dataset\tulip\0503.jpg,tulip,1,427,320,3
1502,dataset\tulip\0504.jpg,tulip,1,400,200,3
1503,dataset\tulip\0505.jpg,tulip,1,400,200,3
1504,dataset\tulip\0506.jpg,tulip,1,400,200,3
1505,dataset\tulip\0507.jpg,tulip,1,400,200,3
1506,dataset\tulip\0508.jpg,tulip,1,400,200,3
1507,dataset\tulip\0509.jpg,tulip,1,400,200,3
1508,dataset\tulip\0510.jpg,tulip,1,400,200,3
1509,dataset\tulip\0511.jpg,tulip,1,400,200,3
1510,dataset\tulip\0512.jpg,tulip,1,400,200,3
1511,dataset\tulip\0513.jpg,tulip,1,400,200,3
1512,dataset\tulip\0514.jpg,tulip,1,400,200,3
1513,dataset\tulip\0515.jpg,tulip,1,400,200,3
1514,dataset\tulip\0516.jpg,tulip,1,1,1,3
1515,dataset\tulip\0517.jpg,tulip,1,480,300,3
1516,dataset\tulip\0518.jpg,tulip,1,478,320,3
1517,dataset\tulip\0519.jpg,tulip,1,480,320,3
1518,dataset\tulip\0520.jpg,tulip,1,447,320,3
1519,dataset\tulip\0521.jpg,tulip,1,480,320,3
1520,dataset\tulip\0522.jpg,tulip,1,427,320,3
1521,dataset\tulip\0523.jpg,tulip,1,480,300,3
1522,dataset\tulip\0524.jpg,tulip,1,480,300,3
1523,dataset\tulip\0525.jpg,tulip,1,480,320,3
1524,dataset\tulip\0526.jpg,tulip,1,480,320,3
1525,dataset\tulip\0527.jpg,tulip,1,480,310,3
1526,dataset\tulip\0528.jpg,tulip,1,480,306,3
1527,dataset\tulip\0529.jpg,tulip,1,480,320,3
1528,dataset\tulip\0530.jpg,tulip,1,480,300,3
1529,dataset\tulip\0531.jpg,tulip,1,427,320,3
1530,dataset\tulip\0532.jpg,tulip,1,480,319,3
1531,dataset\tulip\0533.jpg,tulip,1,427,320,3
1532,dataset\tulip\0534.jpg,tulip,1,480,320,3
1533,dataset\tulip\0535.jpg,tulip,1,479,320,3
1534,dataset\tulip\0536.jpg,tulip,1,427,320,3
1535,dataset\tulip\0537.jpg,tulip,1,480,319,3
1536,dataset\tulip\0538.jpg,tulip,1,480,300,3
1537,dataset\tulip\0539.jpg,tulip,1,480,300,3
1538,dataset\tulip\0540.jpg,tulip,1,480,319,3
1539,dataset\tulip\0541.jpg,tulip,1,443,320,3
1540,dataset\tulip\0542.jpg,tulip,1,480,300,3
1541,dataset\tulip\0543.jpg,tulip,1,480,300,3
1542,dataset\tulip\0544.jpg,tulip,1,265,320,3
1543,dataset\tulip\0545.jpg,tulip,1,441,320,3
1544,dataset\tulip\0546.jpg,tulip,1,427,320,3
1545,dataset\tulip\0547.jpg,tulip,1,400,200,3
1546,dataset\tulip\0548.jpg,tulip,1,400,200,3
1547,dataset\tulip\0549.jpg,tulip,1,400,200,3
1548,dataset\tulip\0550.jpg,tulip,1,400,200,3
1549,dataset\tulip\0551.jpg,tulip,1,400,200,3
1550,dataset\tulip\0552.jpg,tulip,1,400,200,3
1551,dataset\tulip\0553.jpg,tulip,1,400,200,3
1552,dataset\tulip\0554.jpg,tulip,1,400,200,3
1553,dataset\tulip\0555.jpg,tulip,1,400,200,3
1554,dataset\tulip\0556.jpg,tulip,1,400,200,3
1555,dataset\tulip\0557.jpg,tulip,1,400,200,3
1556,dataset\tulip\0558.jpg,tulip,1,400,200,3
1557,dataset\tulip\0559.jpg,tulip,1,1,1,3
1558,dataset\tulip\0560.jpg,tulip,1,480,300,3
1559,dataset\tulip\0561.jpg,tulip,1,478,320,3
1560,dataset\tulip\0562.jpg,tulip,1,480,320,3
1561,dataset\tulip\0563.jpg,tulip,1,447,320,3
1562,dataset\tulip\0564.jpg,tulip,1,480,320,3
1563,dataset\tulip\0565.jpg,tulip,1,427,320,3
1564,dataset\tulip\0566.jpg,tulip,1,480,300,3
1565,dataset\tulip\0567.jpg,tulip,1,480,300,3
1566,dataset\tulip\0568.jpg,tulip,1,480,320,3
1567,dataset\tulip\0569.jpg,tulip,1,480,320,3
1568,dataset\tulip\0570.jpg,tulip,1,480,310,3
1569,dataset\tulip\0571.jpg,tulip,1,480,306,3
1570,dataset\tulip\0572.jpg,tulip,1,480,320,3
1571,dataset\tulip\0573.jpg,tulip,1,480,300,3
1572,dataset\tulip\0574.jpg,tulip,1,427,320,3
1573,dataset\tulip\0575.jpg,tulip,1,480,319,3
1574,dataset\tulip\0576.jpg,tulip,1,427,320,3
1575,dataset\tulip\0577.jpg,tulip,1,480,320,3
1576,dataset\tulip\0578.jpg,tulip,1,479,320,3
1577,dataset\tulip\0579.jpg,tulip,1,427,320,3
1578,dataset\tulip\0580.jpg,tulip,1,480,319,3
1579,dataset\tulip\0581.jpg,tulip,1,480,300,3
1580,dataset\tulip\0582.jpg,tulip,1,480,300,3
1581,dataset\tulip\0583.jpg,tulip,1,480,319,3
1582,dataset\tulip\0584.jpg,tulip,1,443,320,3
1583,dataset\tulip\0585.jpg,tulip,1,480,300,3
1584,dataset\tulip\0586.jpg,tulip,1,480,300,3
1585,dataset\tulip\0587.jpg,tulip,1,265,320,3
1586,dataset\tulip\0588.jpg,tulip,1,441,320,3
1587,dataset\tulip\0589.jpg,tulip,1,427,320,3
1588,dataset\tulip\0590.jpg,tulip,1,400,200,3
1589,dataset\tulip\0591.jpg,tulip,1,400,200,3
1590,dataset\tulip\0592.jpg,tulip,1,400,200,3
1591,dataset\tulip\0593.jpg,tulip,1,400,200,3
1592,dataset\tulip\0594.jpg,tulip,1,400,200,3
1593,dataset\tulip\0595.jpg,tulip,1,400,200,3
1594,dataset\tulip\0596.jpg,tulip,1,400,200,3
1595,dataset\tulip\0597.jpg,tulip,1,400,200,3
1596,dataset\tulip\0598.jpg,tulip,1,400,200,3
1597,dataset\tulip\0599.jpg,tulip,1,400,200,3
1598,dataset\tulip\0600.jpg,tulip,1,400,200,3
1599,dataset\tulip\0601.jpg,tulip,1,400,200,3
1600,dataset\tulip\0602.jpg,tulip,1,1,1,3
1601,dataset\tulip\0603.jpg,tulip,1,480,300,3
1602,dataset\tulip\0604.jpg,tulip,1,478,320,3
1603,dataset\tulip\0605.jpg,tulip,1,480,320,3
1604,dataset\tulip\0606.jpg,tulip,1,447,320,3
1605,dataset\tulip\0607.jpg,tulip,1,480,320,3
1606,dataset\tulip\0608.jpg,tulip,1,427,320,3
1607,dataset\tulip\0609.jpg,tulip,1,480,300,3
1608,dataset\tulip\0610.jpg,tulip,1,480,300,3
1609,dataset\tulip\0611.jpg,tulip,1,480,320,3
1610,dataset\tulip\0612.jpg,tulip,1,480,320,3
1611,dataset\tulip\0613.jpg,tulip,1,480,310,3
1612,dataset\tulip\0614.jpg,tulip,1,480,306,3
1613,dataset\tulip\0615.jpg,tulip,1,480,320,3
1614,dataset\tulip\0616.jpg,tulip,1,480,300,3
1615,dataset\tulip\0617.jpg,tulip,1,427,320,3
1616,dataset\tulip\0618.jpg,tulip,1,480,319,3
1617,dataset\tulip\0619.jpg,tulip,1,427,320,3
1618,dataset\tulip\0620.jpg,tulip,1,480,320,3
1619,dataset\tulip\0621.jpg,tulip,1,479,320,3
1620,dataset\tulip\0622.jpg,tulip,1,427,320,3
1621,dataset\tulip\0623.jpg,tulip,1,480,319,3
1622,dataset\tulip\0624.jpg,tulip,1,480,300,3
1623,dataset\tulip\0625.jpg,tulip,1,480,300,3
1624,dataset\tulip\0626.jpg,tulip,1,480,319,3
1625,dataset\tulip\0627.jpg,tulip,1,443,320,3
1626,dataset\tulip\0628.jpg,tulip,1,480,300,3
1627,dataset\tulip\0629.jpg,tulip,1,480,300,3
1628,dataset\tulip\0630.jpg,tulip,1,265,320,3
1629,dataset\tulip\0631.jpg,tulip,1,441,320,3
1630,dataset\tulip\0632.jpg,tulip,1,427,320,3
1631,dataset\tulip\0633.jpg,tulip,1,400,200,3
1632,dataset\tulip\0634.jpg,tulip,1,400,200,3
1633,dataset\tulip\0635.jpg,tulip,1,400,200,3
1634,dataset\tulip\0636.jpg,tulip,1,400,200,3
1635,dataset\tulip\0637.jpg,tulip,1,400,200,3
1636,dataset\tulip\0638.jpg,tulip,1,400,200,3
1637,dataset\tulip\0639.jpg,tulip,1,400,200,3
1638,dataset\tulip\0640.jpg,tulip,1,400,200,3
1639,dataset\tulip\0641.jpg,tulip,1,400,200,3
1640,dataset\tulip\0642.jpg,tulip,1,400,200,3
1641,dataset\tulip\0643.jpg,tulip,1,400,200,3
1642,dataset\tulip\0644.jpg,tulip,1,400,200,3
1643,dataset\tulip\0645.jpg,tulip,1,1,1,3
1644,dataset\tulip\0646.jpg,tulip,1,480,300,3
1645,dataset\tulip\0647.jpg,tulip,1,478,320,3
1646,dataset\tulip\0648.jpg,tulip,1,480,320,3
1647,dataset\tulip\0649.jpg,tulip,1,447,320,3
1648,dataset\tulip\0650.jpg,tulip,1,480,320,3
1649,dataset\tulip\0651.jpg,tulip,1,427,320,3
1650,dataset\tulip\0652.jpg,tulip,1,480,300,3
1651,dataset\tulip\0653.jpg,tulip,1,480,300,3
1652,dataset\tulip\0654.jpg,tulip,1,480,320,3
1653,dataset\tulip\0655.jpg,tulip,1,480,320,3
1654,dataset\tulip\0656.jpg,tulip,1,480,310,3
1655,dataset\tulip\0657.jpg,tulip,1,480,306,3
1656,dataset\tulip\0658.jpg,tulip,1,480,320,3
1657,dataset\tulip\0659.jpg,tulip,1,480,300,3
1658,dataset\tulip\0660.jpg,tulip,1,427,320,3
1659,dataset\tulip\0661.jpg,tulip,1,480,319,3
1660,dataset\tulip\0662.jpg,tulip,1,427,320,3
1661,dataset\tulip\0663.jpg,tulip,1,480,320,3
1662,dataset\tulip\0664.jpg,tulip,1,479,320,3
1663,dataset\tulip\0665.jpg,tulip,1,427,320,3
1664,dataset\tulip\0666.jpg,tulip,1,480,319,3
1665,dataset\tulip\0667.jpg,tulip,1,480,300,3
1666,dataset\tulip\0668.jpg,tulip,1,480,300,3
1667,dataset\tulip\0669.jpg,tulip,1,480,319,3
1668,dataset\tulip\0670.jpg,tulip,1,443,320,3
1669,dataset\tulip\0671.jpg,tulip,1,480,300,3
1670,dataset\tulip\0672.jpg,tulip,1,480,300,3
1671,dataset\tulip\0673.jpg,tulip,1,265,320,3
1672,dataset\tulip\0674.jpg,tulip,1,441,320,3
1673,dataset\tulip\0675.jpg,tulip,1,427,320,3
1674,dataset\tulip\0676.jpg,tulip,1,400,200,3
1675,dataset\tulip\0677.jpg,tulip,1,400,200,3
1676,dataset\tulip\0678.jpg,tulip,1,400,200,3
1677,dataset\tulip\0679.jpg,tulip,1,400,200,3
1678,dataset\tulip\0680.jpg,tulip,1,400,200,3
1679,dataset\tulip\0681.jpg,tulip,1,400,200,3
1680,dataset\tulip\0682.jpg,tulip,1,400,200,3
1681,dataset\tulip\0683.jpg,tulip,1,400,200,3
1682,dataset\tulip\0684.jpg,tulip,1,400,200,3
1683,dataset\tulip\0685.jpg,tulip,1,400,200,3
1684,dataset\tulip\0686.jpg,tulip,1,400,200,3
1685,dataset\tulip\0687.jpg,tulip,1,400,200,3
1686,dataset\tulip\0688.jpg,tulip,1,1,1,3
1687,dataset\tulip\0689.jpg,tulip,1,480,300,3
1688,dataset\tulip\0690.jpg,tulip,1,478,320,3
1689,dataset\tulip\0691.jpg,tulip,1,480,320,3
1690,dataset\tulip\0692.jpg,tulip,1,447,320,3
1691,dataset\tulip\0693.jpg,tulip,1,480,320,3
1692,dataset\tulip\0694.jpg,tulip,1,427,320,3
1693,dataset\tulip\0695.jpg,tulip,1,480,300,3
1694,dataset\tulip\0696.jpg,tulip,1,480,300,3
1695,dataset\tulip\0697.jpg,tulip,1,480,320,3
1696,dataset\tulip\0698.jpg,tulip,1,480,320,3
1697,dataset\tulip\0699.jpg,tulip,1,480,310,3
1698,dataset\tulip\0700.jpg,tulip,1,480,306,3
1699,dataset\tulip\0701.jpg,tulip,1,480,320,3
1700,dataset\tulip\0702.jpg,tulip,1,480,300,3
1701,dataset\tulip\0703.jpg,tulip,1,427,320,3
1702,dataset\tulip\0704.jpg,tulip,1,480,319,3
1703,dataset\tulip\0705.jpg,tulip,1,427,320,3
1704,dataset\tulip\0706.jpg,tulip,1,480,320,3
1705,dataset\tulip\0707.jpg,tulip,1,479,320,3
1706,dataset\tulip\0708.jpg,tulip,1,427,320,3
1707,dataset\tulip\0709.jpg,tulip,1,480,319,3
1708,dataset\tulip\0710.jpg,tulip,1,480,300,3
1709,dataset\tulip\0711.jpg,tulip,1,480,300,3
1710,dataset\tulip\0712.jpg,tulip,1,480,319,3
1711,dataset\tulip\0713.jpg,tulip,1,443,320,3
1712,dataset\tulip\0714.jpg,tulip,1,480,300,3
1713,dataset\tulip\0715.jpg,tulip,1,480,300,3
1714,dataset\tulip\0716.jpg,tulip,1,265,320,3
1715,dataset\tulip\0717.jpg,tulip,1,441,320,3
1716,dataset\tulip\0718.jpg,tulip,1,427,320,3
1717,dataset\tulip\0719.jpg,tulip,1,400,200,3
1718,dataset\tulip\0720.jpg,tulip,1,400,200,3
1719,dataset\tulip\0721.jpg,tulip,1,400,200,3
1720,dataset\tulip\0722.jpg,tulip,1,400,200,3
1721,dataset\tulip\0723.jpg,tulip,1,400,200,3
1722,dataset\tulip\0724.jpg,tulip,1,400,200,3
1723,dataset\tulip\0725.jpg,tulip,1,400,200,3
1724,dataset\tulip\0726.jpg,tulip,1,400,200,3
1725,dataset\tulip\0727.jpg,tulip,1,400,200,3
1726,dataset\tulip\0728.jpg,tulip,1,400,200,3
1727,dataset\tulip\0729.jpg,tulip,1,400,200,3
1728,dataset\tulip\0730.jpg,tulip,1,400,200,3
1729,dataset\tulip\0731.jpg,tulip,1,1,1,3
1730,dataset\tulip\0732.jpg,tulip,1,480,300,3
1731,dataset\tulip\0733.jpg,tulip,1,478,320,3
1732,dataset\tulip\0734.jpg,tulip,1,480,320,3
1733,dataset\tulip\0735.jpg,tulip,1,447,320,3
1734,dataset\tulip\0736.jpg,tulip,1,480,320,3
1735,dataset\tulip\0737.jpg,tulip,1,427,320,3
1736,dataset\tulip\0738.jpg,tulip,1,480,300,3
1737,dataset\tulip\0739.jpg,tulip,1,480,300,3
1738,dataset\tulip\0740.jpg,tulip,1,480,320,3
1739,dataset\tulip\0741.jpg,tulip,1,480,320,3
1740,dataset\tulip\0742.jpg,tulip,1,480,310,3
1741,dataset\tulip\0743.jpg,tulip,1,480,306,3
1742,dataset\tulip\0744.jpg,tulip,1,480,320,3
1743,dataset\tulip\0745.jpg,tulip,1,480,300,3
1744,dataset\tulip\0746.jpg,tulip,1,427,320,3
1745,dataset\tulip\0747.jpg,tulip,1,480,319,3
1746,dataset\tulip\0748.jpg,tulip,1,427,320,3
1747,dataset\tulip\0749.jpg,tulip,1,480,320,3
1748,dataset\tulip\0750.jpg,tulip,1,479,320,3
1749,dataset\tulip\0751.jpg,tulip,1,427,320,3
1750,dataset\tulip\0752.jpg,tulip,1,480,319,3
1751,dataset\tulip\0753.jpg,tulip,1,480,300,3
1752,dataset\tulip\0754.jpg,tulip,1,480,300,3
1753,dataset\tulip\0755.jpg,tulip,1,480,319,3
1754,dataset\tulip\0756.jpg,tulip,1,443,320,3
1755,dataset\tulip\0757.jpg,tulip,1,480,300,3
1756,dataset\tulip\0758.jpg,tulip,1,480,300,3
1757,dataset\tulip\0759.jpg,tulip,1,265,320,3
1758,dataset\tulip\0760.jpg,tulip,1,441,320,3
1759,dataset\tulip\0761.jpg,tulip,1,427,320,3
1760,dataset\tulip\0762.jpg,tulip,1,400,200,3
1761,dataset\tulip\0763.jpg,tulip,1,400,200,3
1762,dataset\tulip\0764.jpg,tulip,1,400,200,3
1763,dataset\tulip\0765.jpg,tulip,1,400,200,3
1764,dataset\tulip\0766.jpg,tulip,1,400,200,3
1765,dataset\tulip\0767.jpg,tulip,1,400,200,3
1766,dataset\tulip\0768.jpg,tulip,1,400,200,3
1767,dataset\tulip\0769.jpg,tulip,1,400,200,3
1768,dataset\tulip\0770.jpg,tulip,1,400,200,3
1769,dataset\tulip\0771.jpg,tulip,1,400,200,3
1770,dataset\tulip\0772.jpg,tulip,1,400,200,3
1771,dataset\tulip\0773.jpg,tulip,1,400,200,3
1772,dataset\tulip\0774.jpg,tulip,1,1,1,3
1773,dataset\tulip\0775.jpg,tulip,1,480,300,3
1774,dataset\tulip\0776.jpg,tulip,1,478,320,3
1775,dataset\tulip\0777.jpg,tulip,1,480,320,3
1776,dataset\tulip\0778.jpg,tulip,1,447,320,3
1777,dataset\tulip\0779.jpg,tulip,1,480,320,3
1778,dataset\tulip\0780.jpg,tulip,1,427,320,3
1779,dataset\tulip\0781.jpg,tulip,1,480,300,3
1780,dataset\tulip\0782.jpg,tulip,1,480,300,3
1781,dataset\tulip\0783.jpg,tulip,1,480,320,3
1782,dataset\tulip\0784.jpg,tulip,1,480,320,3
1783,dataset\tulip\0785.jpg,tulip,1,480,310,3
1784,dataset\tulip\0786.jpg,tulip,1,480,306,3
1785,dataset\tulip\0787.jpg,tulip,1,480,320,3
1786,dataset\tulip\0788.jpg,tulip,1,480,300,3
1787,dataset\tulip\0789.jpg,tulip,1,427,320,3
1788,dataset\tulip\0790.jpg,tulip,1,480,319,3
1789,dataset\tulip\0791.jpg,tulip,1,427,320,3
1790,dataset\tulip\0792.jpg,tulip,1,480,320,3
1791,dataset\tulip\0793.jpg,tulip,1,479,320,3
1792,dataset\tulip\0794.jpg,tulip,1,427,320,3
1793,dataset\tulip\0795.jpg,tulip,1,480,319,3
1794,dataset\tulip\0796.jpg,tulip,1,480,300,3
1795,dataset\tulip\0797.jpg,tulip,1,480,300,3
1796,dataset\tulip\0798.jpg,tulip,1,480,319,3
1797,dataset\tulip\0799.jpg,tulip,1,443,320,3
1798,dataset\tulip\0800.jpg,tulip,1,480,300,3
1799,dataset\tulip\0801.jpg,tulip,1,480,300,3
1800,dataset\tulip\0802.jpg,tulip,1,265,320,3
1801,dataset\tulip\0803.jpg,tulip,1,441,320,3
1802,dataset\tulip\0804.jpg,tulip,1,427,320,3
1803,dataset\tulip\0805.jpg,tulip,1,400,200,3
1804,dataset\tulip\0806.jpg,tulip,1,400,200,3
1805,dataset\tulip\0807.jpg,tulip,1,400,200,3
1806,dataset\tulip\0808.jpg,tulip,1,400,200,3
1807,dataset\tulip\0809.jpg,tulip,1,400,200,3
1808,dataset\tulip\0810.jpg,tulip,1,400,200,3
1809,dataset\tulip\0811.jpg,tulip,1,400,200,3
1810,dataset\tulip\0812.jpg,tulip,1,400,200,3
1811,dataset\tulip\0813.jpg,tulip,1,400,200,3
1812,dataset\tulip\0814.jpg,tulip,1,400,200,3
1813,dataset\tulip\0815.jpg,tulip,1,400,200,3
1814,dataset\tulip\0816.jpg,tulip,1,400,200,3
1815,dataset\tulip\0817.jpg,tulip,1,1,1,3
1816,dataset\tulip\0818.jpg,tulip,1,480,300,3
1817,dataset\tulip\0819.jpg,tulip,1,478,320,3
1818,dataset\tulip\0820.jpg,tulip,1,480,320,3
1819,dataset\tulip\0821.jpg,tulip,1,447,320,3
1820,dataset\tulip\0822.jpg,tulip,1,480,320,3
1821,dataset\tulip\0823.jpg,tulip,1,427,320,3
1822,dataset\tulip\0824.jpg,tulip,1,480,300,3
1823,dataset\tulip\0825.jpg,tulip,1,480,300,3
1824,dataset\tulip\0826.jpg,tulip,1,480,320,3
1825,dataset\tulip\0827.jpg,tulip,1,480,320,3
1826,dataset\tulip\0828.jpg,tulip,1,480,310,3
1827,dataset\tulip\0829.jpg,tulip,1,480,306,3
1828,dataset\tulip\0830.jpg,tulip,1,480,320,3
1829,dataset\tulip\0831.jpg,tulip,1,480,300,3
1830,dataset\tulip\0832.jpg,tulip,1,427,320,3
1831,dataset\tulip\0833.jpg,tulip,1,480,319,3
1832,dataset\tulip\0834.jpg,tulip,1,427,320,3
1833,dataset\tulip\0835.jpg,tulip,1,480,320,3
1834,dataset\tulip\0836.jpg,tulip,1,479,320,3
1835,dataset\tulip\0837.jpg,tulip,1,427,320,3
1836,dataset\tulip\0838.jpg,tulip,1,480,319,3
1837,dataset\tulip\0839.jpg,tulip,1,480,300,3
1838,dataset\tulip\0840.jpg,tulip,1,480,300,3
1839,dataset\tulip\0841.jpg,tulip,1,480,319,3
1840,dataset\tulip\0842.jpg,tulip,1,443,320,3
1841,dataset\tulip\0843.jpg,tulip,1,480,300,3
1842,dataset\tulip\0844.jpg,tulip,1,480,300,3
1843,dataset\tulip\0845.jpg,tulip,1,265,320,3
1844,dataset\tulip\0846.jpg,tulip,1,441,320,3
1845,dataset\tulip\0847.jpg,tulip,1,427,320,3
1846,dataset\tulip\0848.jpg,tulip,1,400,200,3
1847,dataset\tulip\0849.jpg,tulip,1,400,200,3
1848,dataset\tulip\0850.jpg,tulip,1,400,200,3
1849,dataset\tulip\0851.jpg,tulip,1,400,200,3
1850,dataset\tulip\0852.jpg,tulip,1,400,200,3
1851,dataset\tulip\0853.jpg,tulip,1,400,200,3
1852,dataset\tulip\0854.jpg,tulip,1,400,200,3
1853,dataset\tulip\0855.jpg,tulip,1,400,200,3
1854,dataset\tulip\0856.jpg,tulip,1,400,200,3
1855,dataset\tulip\0857.jpg,tulip,1,400,200,3
1856,dataset\tulip\0858.jpg,tulip,1,400,200,3
1857,dataset\tulip\0859.jpg,tulip,1,400,200,3
1858,dataset\tulip\0860.jpg,tulip,1,1,1,3
1859,dataset\tulip\0861.jpg,tulip,1,480,300,3
1860,dataset\tulip\0862.jpg,tulip,1,478,320,3
1861,dataset\tulip\0863.jpg,tulip,1,480,320,3
1862,dataset\tulip\0864.jpg,tulip,1,447,320,3
1863,dataset\tulip\0865.jpg,tulip,1,480,320,3
1864,dataset\tulip\0866.jpg,tulip,1,427,320,3
1865,dataset\tulip\0867.jpg,tulip,1,480,300,3
1866,dataset\tulip\0868.jpg,tulip,1,480,300,3
1867,dataset\tulip\0869.jpg,tulip,1,480,320,3
1868,dataset\tulip\0870.jpg,tulip,1,480,320,3
1869,dataset\tulip\0871.jpg,tulip,1,480,310,3
1870,dataset\tulip\0872.jpg,tulip,1,480,306,3
1871,dataset\tulip\0873.jpg,tulip,1,480,320,3
1872,dataset\tulip\0874.jpg,tulip,1,480,300,3
1873,dataset\tulip\0875.jpg,tulip,1,427,320,3
1874,dataset\tulip\0876.jpg,tulip,1,480,319,3
1875,dataset\tulip\0877.jpg,tulip,1,427,320,3
1876,dataset\tulip\0878.jpg,tulip,1,480,320,3
1877,dataset\tulip\0879.jpg,tulip,1,479,320,3
1878,dataset\tulip\0880.jpg,tulip,1,427,320,3
1879,dataset\tulip\0881.jpg,tulip,1,480,319,3
1880,dataset\tulip\0882.jpg,tulip,1,480,300,3
1881,dataset\tulip\0883.jpg,tulip,1,480,300,3
1882,dataset\tulip\0884.jpg,tulip,1,480,319,3
1883,dataset\tulip\0885.jpg,tulip,1,443,320,3
1884,dataset\tulip\0886.jpg,tulip,1,480,300,3
1885,dataset\tulip\0887.jpg,tulip,1,480,300,3
1886,dataset\tulip\0888.jpg,tulip,1,265,320,3
1887,dataset\tulip\0889.jpg,tulip,1,441,320,3
1888,dataset\tulip\0890.jpg,tulip,1,427,320,3
1889,dataset\tulip\0891.jpg,tulip,1,400,200,3
1890,dataset\tulip\0892.jpg,tulip,1,400,200,3
1891,dataset\tulip\0893.jpg,tulip,1,400,200,3
1892,dataset\tulip\0894.jpg,tulip,1,400,200,3
1893,dataset\tulip\0895.jpg,tulip,1,400,200,3
1894,dataset\tulip\0896.jpg,tulip,1,400,200,3
1895,dataset\tulip\0897.jpg,tulip,1,400,200,3
1896,dataset\tulip\0898.jpg,tulip,1,400,200,3
1897,dataset\tulip\0899.jpg,tulip,1,400,200,3
1898,dataset\tulip\0900.jpg,tulip,1,400,200,3
1899,dataset\tulip\0901.jpg,tulip,1,400,200,3
1900,dataset\tulip\0902.jpg,tulip,1,400,200,3
1901,dataset\tulip\0903.jpg,tulip,1,1,1,3
1902,dataset\tulip\0904.jpg,tulip,1,480,300,3
1903,dataset\tulip\0905.jpg,tulip,1,478,320,3
1904,dataset\tulip\0906.jpg,tulip,1,480,320,3
1905,dataset\tulip\0907.jpg,tulip,1,447,320,3
1906,dataset\tulip\0908.jpg,tulip,1,480,320,3
1907,dataset\tulip\0909.jpg,tulip,1,427,320,3
1908,dataset\tulip\0910.jpg,tulip,1,480,300,3
1909,dataset\tulip\0911.jpg,tulip,1,480,300,3
1910,dataset\tulip\0912.jpg,tulip,1,480,320,3
1911,dataset\tulip\0913.jpg,tulip,1,480,320,3
1912,dataset\tulip\0914.jpg,tulip,1,480,310,3
1913,dataset\tulip\0915.jpg,tulip,1,480,306,3
1914,dataset\tulip\0916.jpg,tulip,1,480,320,3
1915,dataset\tulip\0917.jpg,tulip,1,480,300,3
1916,dataset\tulip\0918.jpg,tulip,1,427,320,3
1917,dataset\tulip\0919.jpg,tulip,1,480,319,3
1918,dataset\tulip\0920.jpg,tulip,1,427,320,3
1919,dataset\tulip\0921.jpg,tulip,1,480,320,3
1920,dataset\tulip\0922.jpg,tulip,1,479,320,3
1921,dataset\tulip\0923.jpg,tulip,1,427,320,3
1922,dataset\tulip\0924.jpg,tulip,1,480,319,3
1923,dataset\tulip\0925.jpg,tulip,1,480,300,3
1924,dataset\tulip\0926.jpg,tulip,1,480,300,3
1925,dataset\tulip\0927.jpg,tulip,1,480,319,3
1926,dataset\tulip\0928.jpg,tulip,1,443,320,3
1927,dataset\tulip\0929.jpg,tulip,1,480,300,3
1928,dataset\tulip\0930.jpg,tulip,1,480,300,3
1929,dataset\tulip\0931.jpg,tulip,1,265,320,3
1930,dataset\tulip\0932.jpg,tulip,1,441,320,3
1931,dataset\tulip\0933.jpg,tulip,1,427,320,3
1932,dataset\tulip\0934.jpg,tulip,1,400,200,3
1933,dataset\tulip\0935.jpg,tulip,1,400,200,3
1934,dataset\tulip\0936.jpg,tulip,1,400,200,3
1935,dataset\tulip\0937.jpg,tulip,1,400,200,3
1936,dataset\tulip\0938.jpg,tulip,1,400,200,3
1937,dataset\tulip\0939.jpg,tulip,1,400,200,3
1938,dataset\tulip\0940.jpg,tulip,1,400,200,3
1939,dataset\tulip\0941.jpg,tulip,1,400,200,3
1940,dataset\tulip\0942.jpg,tulip,1,400,200,3
1941,dataset\tulip\0943.jpg,tulip,1,400,200,3
1942,dataset\tulip\0944.jpg,tulip,1,400,200,3
1943,dataset\tulip\0945.jpg,tulip,1,400,200,3
1944,dataset\tulip\0946.jpg,tulip,1,1,1,3
1945,dataset\tulip\0947.jpg,tulip,1,480,300,3
1946,dataset\tulip\0948.jpg,tulip,1,478,320,3
1947,dataset\tulip\0949.jpg,tulip,1,480,320,3
1948,dataset\tulip\0950.jpg,tulip,1,447,320,3
1949,dataset\tulip\0951.jpg,tulip,1,480,320,3
1950,dataset\tulip\0952.jpg,tulip,1,427,320,3
1951,dataset\tulip\0953.jpg,tulip,1,480,300,3
1952,dataset\tulip\0954.jpg,tulip,1,480,300,3
1953,dataset\tulip\0955.jpg,tulip,1,480,320,3
1954,dataset\tulip\0956.jpg,tulip,1,480,320,3
1955,dataset\tulip\0957.jpg,tulip,1,480,310,3
1956,dataset\tulip\0958.jpg,tulip,1,480,306,3
1957,dataset\tulip\0959.jpg,tulip,1,480,320,3
1958,dataset\tulip\0960.jpg,tulip,1,480,300,3
1959,dataset\tulip\0961.jpg,tulip,1,427,320,3
1960,dataset\tulip\0962.jpg,tulip,1,480,319,3
1961,dataset\tulip\0963.jpg,tulip,1,427,320,3
1962,dataset\tulip\0964.jpg,tulip,1,480,320,3
1963,dataset\tulip\0965.jpg,tulip,1,479,320,3
1964,dataset\tulip\0966.jpg,tulip,1,427,320,3
1965,dataset\tulip\0967.jpg,tulip,1,480,319,3
1966,dataset\tulip\0968.jpg,tulip,1,480,300,3
1967,dataset\tulip\0969.jpg,tulip,1,480,300,3
1968,dataset\tulip\0970.jpg,tulip,1,480,319,3
1969,dataset\tulip\0971.jpg,tulip,1,443,320,3
1970,dataset\tulip\0972.jpg,tulip,1,480,300,3
1971,dataset\tulip\0973.jpg,tulip,1,480,300,3
1972,dataset\tulip\0974.jpg,tulip,1,265,320,3
1973,dataset\tulip\0975.jpg,tulip,1,441,320,3
1974,dataset\tulip\0976.jpg,tulip,1,427,320,3
1975,dataset\tulip\0977.jpg,tulip,1,400,200,3
1976,dataset\tulip\0978.jpg,tulip,1,400,200,3
1977,dataset\tulip\0979.jpg,tulip,1,400,200,3
1978,dataset\tulip\0980.jpg,tulip,1,400,200,3
1979,dataset\tulip\0981.jpg,tulip,1,400,200,3
1980,dataset\tulip\0982.jpg,tulip,1,400,200,3
1981,dataset\tulip\0983.jpg,tulip,1,400,200,3
1982,dataset\tulip\0984.jpg,tulip,1,400,200,3
1983,dataset\tulip\0985.jpg,tulip,1,400,200,3
1984,dataset\tulip\0986.jpg,tulip,1,400,200,3
1985,dataset\tulip\0987.jpg,tulip,1,400,200,3
1986,dataset\tulip\0988.jpg,tulip,1,400,200,3
1987,dataset\tulip\0989.jpg,tulip,1,1,1,3
1988,dataset\tulip\0990.jpg,tulip,1,480,300,3
1989,dataset\tulip\0991.jpg,tulip,1,478,320,3
1990,dataset\tulip\0992.jpg,tulip,1,480,320,3
1991,dataset\tulip\0993.jpg,tulip,1,447,320,3
1992,dataset\tulip\0994.jpg,tulip,1,480,320,3
1993,dataset\tulip\0995.jpg,tulip,1,427,320,3
1994,dataset\tulip\0996.jpg,tulip,1,480,300,3
1995,dataset\tulip\0997.jpg,tulip,1,480,300,3
1996,dataset\tulip\0998.jpg,tulip,1,480,320,3
1997,dataset\tulip\0999.jpg,tulip,1,480,320,3
